legislator_id,served_periods,effective_model,beta0_dim1,beta0_dim2,beta1_dim1,beta1_dim2,beta2_dim1,beta2_dim2,beta3_dim1,beta3_dim2,intercept_radius
1366,1,0,0.527348394747670,-0.655690700702636,0.000000000000000,0.000000000000000,0.000000000000000,0.000000000000000,0.000000000000000,0.000000000000000,0.841443179561673
4812,2,0,0.810235142368696,-0.313215917760034,0.000000000000000,0.000000000000000,0.000000000000000,0.000000000000000,0.000000000000000,0.000000000000000,0.868668634789746
10808,1,0,0.962222786684521,-0.272263307819976,0.000000000000000,0.000000000000000,0.000000000000000,0.000000000000000,0.000000000000000,0.000000000000000,1.000000000000000
14009,5,1,-0.597182113505987,-0.202799892709228,0.098288087356371,0.213966675634357,0.000000000000000,0.000000000000000,0.000000000000000,0.000000000000000,0.630677630152166
14101,1,0,0.788421543319085,-0.615135326599239,0.000000000000000,0.000000000000000,0.000000000000000,0.000000000000000,0.000000000000000,0.000000000000000,1.000000000000000
14203,3,0,0.576163300111765,-0.513292052840037,0.000000000000000,0.000000000000000,0.000000000000000,0.000000000000000,0.000000000000000,0.000000000000000,0.771642974376375
14213,1,0,0.770582629010271,-0.344617258895539,0.000000000000000,0.000000000000000,0.000000000000000,0.000000000000000,0.000000000000000,0.000000000000000,0.844131887361836
14226,5,1,-0.632614673626394,0.163239929584450,-0.066889176822099,-0.076230314273100,0.000000000000000,0.000000000000000,0.000000000000000,0.000000000000000,0.653336513519768
14230,3,0,0.943337822347344,-0.014356897802315,0.000000000000000,0.000000000000000,0.000000000000000,0.000000000000000,0.000000000000000,0.000000000000000,0.943447066657974
14307,5,1,0.861727923709152,-0.012108405530439,-0.126380871279511,0.071745147012149,0.000000000000000,0.000000000000000,0.000000000000000,0.000000000000000,0.861812988985763
14400,2,0,0.855590212022121,-0.317864644128234,0.000000000000000,0.000000000000000,0.000000000000000,0.000000000000000,0.000000000000000,0.000000000000000,0.912728077192121
14435,3,0,0.951411972746995,0.119079702659548,0.000000000000000,0.000000000000000,0.000000000000000,0.000000000000000,0.000000000000000,0.000000000000000,0.958835083563287
14440,4,0,0.843305191270363,-0.214189131166839,0.000000000000000,0.000000000000000,0.000000000000000,0.000000000000000,0.000000000000000,0.000000000000000,0.870080817817258
14503,5,1,-0.531182797109224,0.220091363255911,0.025694470207433,0.057545895907919,0.000000000000000,0.000000000000000,0.000000000000000,0.000000000000000,0.574974236052907
14506,2,0,-0.307337993764051,0.136869972451863,0.000000000000000,0.000000000000000,0.000000000000000,0.000000000000000,0.000000000000000,0.000000000000000,0.336437262754716
14651,5,1,0.612259499448601,0.022068155516001,-0.033438943244895,-0.022358059317031,0.000000000000000,0.000000000000000,0.000000000000000,0.000000000000000,0.612657080390760
14661,2,0,0.022117929275187,0.137697167817661,0.000000000000000,0.000000000000000,0.000000000000000,0.000000000000000,0.000000000000000,0.000000000000000,0.139462227217363
14709,3,0,0.858865922800558,-0.072460298163826,0.000000000000000,0.000000000000000,0.000000000000000,0.000000000000000,0.000000000000000,0.000000000000000,0.861917146921933
14806,3,0,-0.578867242251357,0.195337809076157,0.000000000000000,0.000000000000000,0.000000000000000,0.000000000000000,0.000000000000000,0.000000000000000,0.610937102987177
14812,1,0,0.725177521448068,0.100064901407451,0.000000000000000,0.000000000000000,0.000000000000000,0.000000000000000,0.000000000000000,0.000000000000000,0.732048783966783
14826,1,0,-0.387205682394442,0.130859116843327,0.000000000000000,0.000000000000000,0.000000000000000,0.000000000000000,0.000000000000000,0.000000000000000,0.408720379892612
14852,5,1,-0.752391546556472,-0.094564103127193,0.147733673431815,0.009135652188398,0.000000000000000,0.000000000000000,0.000000000000000,0.000000000000000,0.758310892002673
14858,5,1,0.830454435750317,-0.129122671954754,-0.024787230271332,0.145067861531699,0.000000000000000,0.000000000000000,0.000000000000000,0.000000000000000,0.840432766061695
14871,5,1,0.845987607427576,0.136692095553453,0.015884795397615,0.064609295278365,0.000000000000000,0.000000000000000,0.000000000000000,0.000000000000000,0.856959602844749
14910,1,0,-0.173541181640033,-0.253602481811216,0.000000000000000,0.000000000000000,0.000000000000000,0.000000000000000,0.000000000000000,0.000000000000000,0.307295884296922
14912,2,0,0.686004996338409,-0.441537836499397,0.000000000000000,0.000000000000000,0.000000000000000,0.000000000000000,0.000000000000000,0.000000000000000,0.815817697811115
14914,3,0,0.922910035613497,-0.180063615300665,0.000000000000000,0.000000000000000,0.000000000000000,0.000000000000000,0.000000000000000,0.000000000000000,0.940311565063013
14920,3,0,0.751750595262912,-0.259984369001185,0.000000000000000,0.000000000000000,0.000000000000000,0.000000000000000,0.000000000000000,0.000000000000000,0.795437508295332
14921,5,1,-0.672299270655432,-0.185551698796075,0.029321852301201,-0.323950572366218,0.000000000000000,0.000000000000000,0.000000000000000,0.000000000000000,0.697435116874634
14922,3,0,0.760571804445121,-0.257999965481997,0.000000000000000,0.000000000000000,0.000000000000000,0.000000000000000,0.000000000000000,0.000000000000000,0.803139746187187
15011,4,0,0.879797213918285,0.047476333222371,0.000000000000000,0.000000000000000,0.000000000000000,0.000000000000000,0.000000000000000,0.000000000000000,0.881077260990555
15015,5,1,0.622643111020167,0.017982680642672,-0.046572148534158,-0.028923740893679,0.000000000000000,0.000000000000000,0.000000000000000,0.000000000000000,0.622902737595500
15021,5,1,0.833771681128136,-0.075918230702633,-0.065115890689415,0.165315434077548,0.000000000000000,0.000000000000000,0.000000000000000,0.000000000000000,0.837220875279789
15039,5,1,-0.496113052966373,0.359764125079449,0.026267089393155,0.044545443239355,0.000000000000000,0.000000000000000,0.000000000000000,0.000000000000000,0.612828187192624
15054,4,0,0.879722033424194,0.093277657897241,0.000000000000000,0.000000000000000,0.000000000000000,0.000000000000000,0.000000000000000,0.000000000000000,0.884653365762429
15406,1,0,-0.965294547679064,0.261163619635415,0.000000000000000,0.000000000000000,0.000000000000000,0.000000000000000,0.000000000000000,0.000000000000000,1.000000000000000
15408,5,1,0.845209154112573,-0.095252280034968,-0.113071357629884,0.016430966075731,0.000000000000000,0.000000000000000,0.000000000000000,0.000000000000000,0.850559528221012
15424,5,1,-0.786944309717686,0.007941542435474,0.008766250207149,-0.178528205452014,0.000000000000000,0.000000000000000,0.000000000000000,0.000000000000000,0.786984380209226
15425,3,0,0.710270120123018,-0.279472548828243,0.000000000000000,0.000000000000000,0.000000000000000,0.000000000000000,0.000000000000000,0.000000000000000,0.763274884355644
15429,3,0,-0.590085134956337,0.262716951602355,0.000000000000000,0.000000000000000,0.000000000000000,0.000000000000000,0.000000000000000,0.000000000000000,0.645926205657947
15501,1,0,-0.638273762077273,-0.502116514171624,0.000000000000000,0.000000000000000,0.000000000000000,0.000000000000000,0.000000000000000,0.000000000000000,0.812104912656079
15502,2,0,0.650589660800124,-0.060669781447906,0.000000000000000,0.000000000000000,0.000000000000000,0.000000000000000,0.000000000000000,0.000000000000000,0.653412372947557
15703,2,0,0.668519255744705,-0.001257276674374,0.000000000000000,0.000000000000000,0.000000000000000,0.000000000000000,0.000000000000000,0.000000000000000,0.668520438016737
15704,2,0,0.496223443393942,-0.589104634674124,0.000000000000000,0.000000000000000,0.000000000000000,0.000000000000000,0.000000000000000,0.000000000000000,0.770247996666186
20100,3,0,-0.535918138031495,0.464150004282804,0.000000000000000,0.000000000000000,0.000000000000000,0.000000000000000,0.000000000000000,0.000000000000000,0.708973537691550
20101,4,0,-0.685011410756133,-0.062216535112947,0.000000000000000,0.000000000000000,0.000000000000000,0.000000000000000,0.000000000000000,0.000000000000000,0.687831033108836
20115,4,0,-0.332243963976843,0.465786377394124,0.000000000000000,0.000000000000000,0.000000000000000,0.000000000000000,0.000000000000000,0.000000000000000,0.572138969975815
20146,2,0,-0.511612220889241,-0.214499185164391,0.000000000000000,0.000000000000000,0.000000000000000,0.000000000000000,0.000000000000000,0.000000000000000,0.554758474472819
20330,1,0,0.759859700851588,-0.119665151880434,0.000000000000000,0.000000000000000,0.000000000000000,0.000000000000000,0.000000000000000,0.000000000000000,0.769224618400134
20707,3,0,0.737902696452160,-0.078379011066683,0.000000000000000,0.000000000000000,0.000000000000000,0.000000000000000,0.000000000000000,0.000000000000000,0.742053676499995
20713,3,0,0.849294026244210,-0.063677051440925,0.000000000000000,0.000000000000000,0.000000000000000,0.000000000000000,0.000000000000000,0.000000000000000,0.851677820478091
20717,3,0,0.413508705396572,-0.480368930603071,0.000000000000000,0.000000000000000,0.000000000000000,0.000000000000000,0.000000000000000,0.000000000000000,0.633832595349503
20730,4,0,-0.680317314111441,-0.732917697953701,0.000000000000000,0.000000000000000,0.000000000000000,0.000000000000000,0.000000000000000,0.000000000000000,0.999999999926779
20735,5,1,0.998121523059652,-0.061265203868758,0.159383623159185,0.191148225173940,0.000000000000000,0.000000000000000,0.000000000000000,0.000000000000000,1.000000000000000
20919,2,0,-0.622872685043777,0.117184813569494,0.000000000000000,0.000000000000000,0.000000000000000,0.000000000000000,0.000000000000000,0.000000000000000,0.633800175374669
20923,2,0,0.762162054556483,-0.311395527956256,0.000000000000000,0.000000000000000,0.000000000000000,0.000000000000000,0.000000000000000,0.000000000000000,0.823321427048340
20930,3,0,0.794359020034083,-0.231378796331695,0.000000000000000,0.000000000000000,0.000000000000000,0.000000000000000,0.000000000000000,0.000000000000000,0.827370775469748
21112,2,0,-0.672092572683829,-0.417517517394558,0.000000000000000,0.000000000000000,0.000000000000000,0.000000000000000,0.000000000000000,0.000000000000000,0.791220135984975
21133,1,0,-0.468288748860374,0.192984827442763,0.000000000000000,0.000000000000000,0.000000000000000,0.000000000000000,0.000000000000000,0.000000000000000,0.506495306920338
21166,2,0,-0.861444214937034,0.007309219483190,0.000000000000000,0.000000000000000,0.000000000000000,0.000000000000000,0.000000000000000,0.000000000000000,0.861475223171239
21173,3,0,-0.768691366145119,0.134283596218147,0.000000000000000,0.000000000000000,0.000000000000000,0.000000000000000,0.000000000000000,0.000000000000000,0.780332301394302
21301,2,0,-0.800437983725287,0.030542318812784,0.000000000000000,0.000000000000000,0.000000000000000,0.000000000000000,0.000000000000000,0.000000000000000,0.801020473539013
21325,1,0,0.796951329166181,0.053510694786114,0.000000000000000,0.000000000000000,0.000000000000000,0.000000000000000,0.000000000000000,0.000000000000000,0.798745776524818
21338,2,0,-0.772877745953596,0.185249284007183,0.000000000000000,0.000000000000000,0.000000000000000,0.000000000000000,0.000000000000000,0.000000000000000,0.794768713158416
29142,5,1,0.864461936211244,-0.088279374248590,-0.135797535036901,0.158949379988558,0.000000000000000,0.000000000000000,0.000000000000000,0.000000000000000,0.868957816626225
29147,5,1,0.989568986241044,0.144059781098637,0.028941684129268,0.112821204110462,0.000000000000000,0.000000000000000,0.000000000000000,0.000000000000000,0.999999999530157
29305,1,0,0.331698343792603,-0.277864275253641,0.000000000000000,0.000000000000000,0.000000000000000,0.000000000000000,0.000000000000000,0.000000000000000,0.432703532152197
29345,5,1,-0.857114753145232,0.085235820906463,-0.008048109075173,-0.004086995423308,0.000000000000000,0.000000000000000,0.000000000000000,0.000000000000000,0.861342466864841
29373,5,1,0.826404704355380,0.008423237480226,-0.021315539915987,0.027625894890817,0.000000000000000,0.000000000000000,0.000000000000000,0.000000000000000,0.826447630712528
29386,4,0,-0.493306607731626,0.219745402459291,0.000000000000000,0.000000000000000,0.000000000000000,0.000000000000000,0.000000000000000,0.000000000000000,0.540036527592051
29389,5,1,0.874172213034868,-0.084975995999119,-0.070001182208134,-0.038605286512301,0.000000000000000,0.000000000000000,0.000000000000000,0.000000000000000,0.878292649370539
29512,3,0,-0.569271433598340,0.210844279080689,0.000000000000000,0.000000000000000,0.000000000000000,0.000000000000000,0.000000000000000,0.000000000000000,0.607062826346800
29523,1,0,-0.885115463375242,-0.101490103930808,0.000000000000000,0.000000000000000,0.000000000000000,0.000000000000000,0.000000000000000,0.000000000000000,0.890915049093827
29534,5,1,-0.610520178805467,-0.058471084668715,0.069123999104101,-0.038586337321903,0.000000000000000,0.000000000000000,0.000000000000000,0.000000000000000,0.613313750433655
29537,2,0,-0.704882957009922,0.343543491998051,0.000000000000000,0.000000000000000,0.000000000000000,0.000000000000000,0.000000000000000,0.000000000000000,0.784144192082850
29548,5,1,-0.591849812303056,0.241067041225614,0.046640722349587,-0.017271755518482,0.000000000000000,0.000000000000000,0.000000000000000,0.000000000000000,0.639061435770016
29555,3,0,-0.702694387295149,0.423859734964486,0.000000000000000,0.000000000000000,0.000000000000000,0.000000000000000,0.000000000000000,0.000000000000000,0.820631754723317
29566,5,1,-0.469389446409103,0.264072823851265,0.041049060149682,0.005803045153587,0.000000000000000,0.000000000000000,0.000000000000000,0.000000000000000,0.538573030049802
29722,4,0,-0.726751873522378,0.001242144088452,0.000000000000000,0.000000000000000,0.000000000000000,0.000000000000000,0.000000000000000,0.000000000000000,0.726752935040666
29732,5,1,0.757221171133109,-0.215541264133325,0.036738370716723,-0.094739337272485,0.000000000000000,0.000000000000000,0.000000000000000,0.000000000000000,0.787300411886333
29735,4,0,-0.637965706679117,-0.262332616332388,0.000000000000000,0.000000000000000,0.000000000000000,0.000000000000000,0.000000000000000,0.000000000000000,0.689796089065733
29754,5,1,-0.650559619617471,0.038018562948532,-0.011197294513689,-0.172689823884396,0.000000000000000,0.000000000000000,0.000000000000000,0.000000000000000,0.651669571029291
29906,3,0,0.634050736701779,0.058894995733776,0.000000000000000,0.000000000000000,0.000000000000000,0.000000000000000,0.000000000000000,0.000000000000000,0.636780148272974
29909,5,1,-0.563223120068470,0.036835677949317,-0.001377057421265,-0.161450113511903,0.000000000000000,0.000000000000000,0.000000000000000,0.000000000000000,0.564426390373136
29918,4,0,-0.734130375326712,0.157442445974701,0.000000000000000,0.000000000000000,0.000000000000000,0.000000000000000,0.000000000000000,0.000000000000000,0.750823236036176
29924,5,1,0.806647518916571,-0.169445524652818,-0.002735031722380,-0.052111100730459,0.000000000000000,0.000000000000000,0.000000000000000,0.000000000000000,0.824252391928060
29935,4,0,-0.619875718781338,0.355058372541646,0.000000000000000,0.000000000000000,0.000000000000000,0.000000000000000,0.000000000000000,0.000000000000000,0.714361501374901
29936,2,0,-0.894353604283588,0.447360738671774,0.000000000000000,0.000000000000000,0.000000000000000,0.000000000000000,0.000000000000000,0.000000000000000,1.000000000000000
29940,3,0,0.760789480561980,0.033288962509954,0.000000000000000,0.000000000000000,0.000000000000000,0.000000000000000,0.000000000000000,0.000000000000000,0.761517425118268
39310,5,1,0.765008681661108,0.041379105536077,0.012554995282203,-0.093413446335845,0.000000000000000,0.000000000000000,0.000000000000000,0.000000000000000,0.766126956445100
40103,2,0,0.093910096948558,-0.585622530813343,0.000000000000000,0.000000000000000,0.000000000000000,0.000000000000000,0.000000000000000,0.000000000000000,0.593104421586210
40105,1,0,0.788421543319085,-0.615135326599239,0.000000000000000,0.000000000000000,0.000000000000000,0.000000000000000,0.000000000000000,0.000000000000000,1.000000000000000
40300,5,1,-0.285958881624688,-0.390943431479143,0.056909784350710,-0.250452683641320,0.000000000000000,0.000000000000000,0.000000000000000,0.000000000000000,0.484364788766411
40301,3,0,0.436534971796942,-0.473623380923168,0.000000000000000,0.000000000000000,0.000000000000000,0.000000000000000,0.000000000000000,0.000000000000000,0.644113257555571
40304,5,1,-0.466754281101517,-0.051934141306172,0.047066707031941,0.038745699473542,0.000000000000000,0.000000000000000,0.000000000000000,0.000000000000000,0.469634660092080
40305,5,1,-0.643944113306978,0.162737584857739,0.044286096986414,-0.108491453319558,0.000000000000000,0.000000000000000,0.000000000000000,0.000000000000000,0.664189387590648
40500,1,0,0.788421543319085,-0.615135326599239,0.000000000000000,0.000000000000000,0.000000000000000,0.000000000000000,0.000000000000000,0.000000000000000,1.000000000000000
40501,1,0,-0.359356839967118,0.191274519960225,0.000000000000000,0.000000000000000,0.000000000000000,0.000000000000000,0.000000000000000,0.000000000000000,0.407091243356041
40700,5,1,0.640894597224364,-0.026157670644151,0.072397224007578,-0.067465482660693,0.000000000000000,0.000000000000000,0.000000000000000,0.000000000000000,0.641428178742490
40701,5,1,0.509443809175654,0.016918720926285,-0.022022152590769,-0.368093184925893,0.000000000000000,0.000000000000000,0.000000000000000,0.000000000000000,0.509724668644928
40702,5,1,0.553085883275624,-0.431547958485020,0.049707875085288,0.050697061851157,0.000000000000000,0.000000000000000,0.000000000000000,0.000000000000000,0.701525220324519
40703,5,1,0.674700708101562,-0.276371005276630,0.055751171697538,0.130702254253051,0.000000000000000,0.000000000000000,0.000000000000000,0.000000000000000,0.729110401839368
40704,5,1,0.856144748424716,-0.047576661434540,-0.104525142859813,0.132446016843545,0.000000000000000,0.000000000000000,0.000000000000000,0.000000000000000,0.857465666349666
40705,5,1,-0.496652950264896,0.323361056619786,-0.054577374295804,0.084068843803445,0.000000000000000,0.000000000000000,0.000000000000000,0.000000000000000,0.592643675360743
40706,2,0,0.415456578059494,-0.526560958445535,0.000000000000000,0.000000000000000,0.000000000000000,0.000000000000000,0.000000000000000,0.000000000000000,0.670723945608016
40707,5,1,-0.744800967901160,-0.057200537581731,-0.099653524575028,-0.295831741554194,0.000000000000000,0.000000000000000,0.000000000000000,0.000000000000000,0.746994232431646
40900,3,0,0.551128303132098,-0.413660907558669,0.000000000000000,0.000000000000000,0.000000000000000,0.000000000000000,0.000000000000000,0.000000000000000,0.689099233024916
40901,1,0,0.893356301271754,-0.016608462872387,0.000000000000000,0.000000000000000,0.000000000000000,0.000000000000000,0.000000000000000,0.000000000000000,0.893510672606059
40902,5,1,-0.900056421284112,0.085440521736275,-0.003641877134021,-0.002289591502783,0.000000000000000,0.000000000000000,0.000000000000000,0.000000000000000,0.904102673510775
40903,1,0,0.915154014272759,-0.283670645983800,0.000000000000000,0.000000000000000,0.000000000000000,0.000000000000000,0.000000000000000,0.000000000000000,0.958110591337144
40904,5,1,0.846129098169480,-0.010342728898291,-0.082682397313127,-0.000699275303169,0.000000000000000,0.000000000000000,0.000000000000000,0.000000000000000,0.846192308408769
40905,3,0,-0.592657103999872,0.097564630941234,0.000000000000000,0.000000000000000,0.000000000000000,0.000000000000000,0.000000000000000,0.000000000000000,0.600634081727148
40906,5,1,0.669730906241886,-0.034853684512836,-0.031284895229318,-0.027728031357461,0.000000000000000,0.000000000000000,0.000000000000000,0.000000000000000,0.670637209003272
40907,3,0,0.483982739073714,-0.420273588525515,0.000000000000000,0.000000000000000,0.000000000000000,0.000000000000000,0.000000000000000,0.000000000000000,0.640990780692990
40908,5,1,0.926161383615037,0.119861512055416,0.042799993563607,0.086549928558780,0.000000000000000,0.000000000000000,0.000000000000000,0.000000000000000,0.933885266278428
40909,5,1,0.541266376298176,-0.200404032668851,0.028084607916308,0.154053686476467,0.000000000000000,0.000000000000000,0.000000000000000,0.000000000000000,0.577175074323984
40910,5,1,0.598833522261746,-0.008175033055409,-0.008995867968666,-0.103904189155797,0.000000000000000,0.000000000000000,0.000000000000000,0.000000000000000,0.598889320784622
40911,1,0,-0.496507659554771,0.195506978184788,0.000000000000000,0.000000000000000,0.000000000000000,0.000000000000000,0.000000000000000,0.000000000000000,0.533613000699480
40912,1,0,0.846396028867167,-0.397327185249026,0.000000000000000,0.000000000000000,0.000000000000000,0.000000000000000,0.000000000000000,0.000000000000000,0.935016112064399
40913,2,0,-0.061773517358230,0.121047365322382,0.000000000000000,0.000000000000000,0.000000000000000,0.000000000000000,0.000000000000000,0.000000000000000,0.135898609626065
40914,1,0,0.959747990411626,-0.280862590782121,0.000000000000000,0.000000000000000,0.000000000000000,0.000000000000000,0.000000000000000,0.000000000000000,1.000000000000000
40915,5,1,0.293917478880878,-0.669793051320167,0.002982775230571,0.032098827939209,0.000000000000000,0.000000000000000,0.000000000000000,0.000000000000000,0.731443925389001
40916,5,1,0.692384604081506,-0.047651559108102,-0.082248752714375,0.055989555199776,0.000000000000000,0.000000000000000,0.000000000000000,0.000000000000000,0.694022413942472
41101,4,0,0.817586946117933,0.013556388747072,0.000000000000000,0.000000000000000,0.000000000000000,0.000000000000000,0.000000000000000,0.000000000000000,0.817699327465976
41102,4,0,-0.649335772498422,0.358129867351800,0.000000000000000,0.000000000000000,0.000000000000000,0.000000000000000,0.000000000000000,0.000000000000000,0.741548344570697
41104,4,0,-0.797430888709857,0.603410289712902,0.000000000000000,0.000000000000000,0.000000000000000,0.000000000000000,0.000000000000000,0.000000000000000,1.000000000000000
41106,3,0,-0.380496474194948,0.404842554946032,0.000000000000000,0.000000000000000,0.000000000000000,0.000000000000000,0.000000000000000,0.000000000000000,0.555585332032819
41107,4,0,-0.599603096631374,-0.172466750280326,0.000000000000000,0.000000000000000,0.000000000000000,0.000000000000000,0.000000000000000,0.000000000000000,0.623913979200810
41110,4,0,-0.864833015581724,0.502059613153480,0.000000000000000,0.000000000000000,0.000000000000000,0.000000000000000,0.000000000000000,0.000000000000000,1.000000000000000
41111,4,0,-0.639946850596054,0.329301745348199,0.000000000000000,0.000000000000000,0.000000000000000,0.000000000000000,0.000000000000000,0.000000000000000,0.719702446207583
41112,4,0,0.804601899088101,0.045410132387783,0.000000000000000,0.000000000000000,0.000000000000000,0.000000000000000,0.000000000000000,0.000000000000000,0.805882309111979
41300,3,0,0.545963395379393,0.114328143313241,0.000000000000000,0.000000000000000,0.000000000000000,0.000000000000000,0.000000000000000,0.000000000000000,0.557805479936912
41301,3,0,0.998241469729351,0.059278732380039,0.000000000000000,0.000000000000000,0.000000000000000,0.000000000000000,0.000000000000000,0.000000000000000,1.000000000000000
41302,3,0,-0.689062361326084,-0.037824017519140,0.000000000000000,0.000000000000000,0.000000000000000,0.000000000000000,0.000000000000000,0.000000000000000,0.690099698665031
41303,3,0,0.379091938346963,-0.355057676283173,0.000000000000000,0.000000000000000,0.000000000000000,0.000000000000000,0.000000000000000,0.000000000000000,0.519400280330367
41304,3,0,-0.858564230328294,0.361971591417416,0.000000000000000,0.000000000000000,0.000000000000000,0.000000000000000,0.000000000000000,0.000000000000000,0.931748877430219
41305,3,0,0.638576410581081,-0.038604135143866,0.000000000000000,0.000000000000000,0.000000000000000,0.000000000000000,0.000000000000000,0.000000000000000,0.639742222618473
41306,1,0,0.805240634553251,-0.153219230906006,0.000000000000000,0.000000000000000,0.000000000000000,0.000000000000000,0.000000000000000,0.000000000000000,0.819688118893491
41307,1,0,-0.513418925469356,-0.154412925842742,0.000000000000000,0.000000000000000,0.000000000000000,0.000000000000000,0.000000000000000,0.000000000000000,0.536136498195585
41308,3,0,0.970276917599453,-0.028279725841618,0.000000000000000,0.000000000000000,0.000000000000000,0.000000000000000,0.000000000000000,0.000000000000000,0.970688951065156
41309,1,0,0.551360735652211,-0.488666611625861,0.000000000000000,0.000000000000000,0.000000000000000,0.000000000000000,0.000000000000000,0.000000000000000,0.736745355015454
41500,2,0,-0.696920343677648,-0.244492212018654,0.000000000000000,0.000000000000000,0.000000000000000,0.000000000000000,0.000000000000000,0.000000000000000,0.738562392198212
41501,2,0,-0.743242168692163,0.123908448191852,0.000000000000000,0.000000000000000,0.000000000000000,0.000000000000000,0.000000000000000,0.000000000000000,0.753499983314892
41502,2,0,-0.667156933032049,0.139735521786659,0.000000000000000,0.000000000000000,0.000000000000000,0.000000000000000,0.000000000000000,0.000000000000000,0.681633618112927
41503,2,0,-0.837375250365654,0.301235758577392,0.000000000000000,0.000000000000000,0.000000000000000,0.000000000000000,0.000000000000000,0.000000000000000,0.889910271977258
41504,2,0,-0.592479890827559,-0.017963191114206,0.000000000000000,0.000000000000000,0.000000000000000,0.000000000000000,0.000000000000000,0.000000000000000,0.592752138140422
41505,2,0,-0.565721729216338,-0.030607073733815,0.000000000000000,0.000000000000000,0.000000000000000,0.000000000000000,0.000000000000000,0.000000000000000,0.566549086902512
41700,1,0,0.772212071691869,0.053957302354795,0.000000000000000,0.000000000000000,0.000000000000000,0.000000000000000,0.000000000000000,0.000000000000000,0.774094874123356
41701,1,0,0.974826154347580,0.066858801160190,0.000000000000000,0.000000000000000,0.000000000000000,0.000000000000000,0.000000000000000,0.000000000000000,0.977116231823354
41702,1,0,0.676243069997990,-0.115170000164291,0.000000000000000,0.000000000000000,0.000000000000000,0.000000000000000,0.000000000000000,0.000000000000000,0.685980188240265
41703,1,0,-0.756194414523351,-0.604083530786098,0.000000000000000,0.000000000000000,0.000000000000000,0.000000000000000,0.000000000000000,0.000000000000000,0.967856861691496
41704,1,0,-0.840082582020140,-0.211565250710883,0.000000000000000,0.000000000000000,0.000000000000000,0.000000000000000,0.000000000000000,0.000000000000000,0.866313222756056
41705,1,0,0.373668403615922,0.046307548328540,0.000000000000000,0.000000000000000,0.000000000000000,0.000000000000000,0.000000000000000,0.000000000000000,0.376526844850499
41706,1,0,0.762797398729317,-0.139659095243675,0.000000000000000,0.000000000000000,0.000000000000000,0.000000000000000,0.000000000000000,0.000000000000000,0.775476972187114
41707,1,0,-0.553794984165144,-0.044386642757914,0.000000000000000,0.000000000000000,0.000000000000000,0.000000000000000,0.000000000000000,0.000000000000000,0.555570930252646
49300,5,1,0.741619065559552,-0.004595260668903,0.014003217567485,0.114550468351689,0.000000000000000,0.000000000000000,0.000000000000000,0.000000000000000,0.741633302125814
49306,2,0,-0.606770172998412,0.019555124524761,0.000000000000000,0.000000000000000,0.000000000000000,0.000000000000000,0.000000000000000,0.000000000000000,0.607085204675342
49307,1,0,-0.593976432987545,-0.139482330923836,0.000000000000000,0.000000000000000,0.000000000000000,0.000000000000000,0.000000000000000,0.000000000000000,0.610133857103959
49308,5,1,0.787800400417670,-0.021118353567733,-0.008073164037436,-0.013319346101585,0.000000000000000,0.000000000000000,0.000000000000000,0.000000000000000,0.788083406598345
49309,1,0,0.854720214726287,0.519088965918416,0.000000000000000,0.000000000000000,0.000000000000000,0.000000000000000,0.000000000000000,0.000000000000000,1.000000000000000
49700,5,1,-0.730347266613472,0.191195163864087,-0.093341540351132,-0.046592135607928,0.000000000000000,0.000000000000000,0.000000000000000,0.000000000000000,0.754958754194416
49702,3,0,0.535219772150958,-0.512340485834891,0.000000000000000,0.000000000000000,0.000000000000000,0.000000000000000,0.000000000000000,0.000000000000000,0.740913610299376
49703,5,1,-0.050429851154310,0.151692626159140,-0.067872163256715,0.147379479501291,0.000000000000000,0.000000000000000,0.000000000000000,0.000000000000000,0.159855630862671
49706,5,1,-0.752520455795970,-0.041938116823058,-0.099728890303644,-0.285926794505981,0.000000000000000,0.000000000000000,0.000000000000000,0.000000000000000,0.753688159674835
49901,1,0,0.366267182117658,0.342482110799155,0.000000000000000,0.000000000000000,0.000000000000000,0.000000000000000,0.000000000000000,0.000000000000000,0.501443561045363
49903,1,0,-0.493577369757894,-0.869701891490917,0.000000000000000,0.000000000000000,0.000000000000000,0.000000000000000,0.000000000000000,0.000000000000000,1.000000000000000
94659,5,1,-0.786066847321555,0.021065019405510,0.059435938973070,0.179904475860735,0.000000000000000,0.000000000000000,0.000000000000000,0.000000000000000,0.786349046861890
94910,1,0,0.775439095850709,0.005305974942382,0.000000000000000,0.000000000000000,0.000000000000000,0.000000000000000,0.000000000000000,0.000000000000000,0.775457248817660
