rollcall_id,true_midpoint1D,true_midpoint2D,true_spread1D,true_spread2D,dim2_oriented
0,0.542368301506645,0.05870248992131417,-0.47654332570969316,-0.05157801386407178,False
1,0.06453826061339767,0.09285808799131942,0.33837922700823636,0.4868623315429521,False
2,0.17617533785284975,-0.17707237604401072,0.24266722765152354,-0.24390282494680665,False
3,0.013569409889927853,-0.017570744789695062,0.36222247947067376,-0.469034305507563,False
4,-0.22067340227791601,-0.05662190718058862,0.38592072699977115,0.09902220819401907,False
5,0.26242990961854196,0.7082577240363789,0.2845860980446409,0.7680538486884804,False
6,-0.00019123697318111624,0.002161378823665893,-0.04870698985096464,0.5504911245833286,True
7,0.25055174388421636,0.2754723087512158,0.41259182848622267,0.45362934539185756,False
8,0.021651455429047388,-0.047933655662509116,-0.25405081818597297,0.5624372218122484,False
9,0.2873195658292933,0.02265294156006711,0.25185073118881063,0.019856496298863036,False
10,-0.02479400285643441,0.02224345880431547,0.6451486993893468,-0.5787826435536816,False
11,0.1272394500263674,-0.4461649373246355,0.20669184765506232,-0.7247646483494217,False
12,-0.07072560841347741,0.15704773872892466,0.34662620298943925,-0.7696909589725243,False
13,0.0903769445734868,0.04401104344479798,-0.3655905706102976,-0.17803237940905672,False
14,0.14880594062347977,-0.14818720398987573,-0.5085236913981,0.506409244652189,False
15,-0.00509213782339497,0.05373588472613581,-0.04199105612452686,0.4431196934752046,True
16,-0.1204668057839968,0.1423008588038799,-0.5653551026013227,0.6678231078325078,False
17,0.10864514958411381,0.1439382253729969,0.36713262692377996,0.4863946434628719,False
18,-0.13677640738577646,-0.5040793548650918,0.2169866904379756,0.7996884332674798,True
19,-0.015348431046741627,-0.07705120903729673,0.13476294755714985,0.6765283051463811,False
20,-0.06274807855254064,0.05311236596784552,0.676950987740986,-0.572997124893444,False
21,-0.15462338497410197,-0.16190103657618582,-0.2334131044148761,-0.2443991480432496,False
22,0.16101849380336164,0.2864317878079742,0.40890371815767557,0.7273886388247023,False
23,0.10416547529405115,-0.09110450283981468,-0.4809085378822412,0.4206089698290457,False
24,-0.028681248226191277,-0.23300035481657047,0.05102441066145313,0.4145114499433953,False
25,0.14392746108191465,-0.10979122161969668,-0.6441803587567206,0.49139579062721267,True
26,-0.19372459430045763,-0.4700180419770015,0.15645533644741064,0.3795947084540686,True
27,0.21256481881935374,-0.32368379416011783,-0.15115765231063633,0.23017582442851497,False
28,-0.29743535295920337,0.11368248507791977,0.5011059630369814,-0.19152723641840222,False
29,-0.08846704909885625,-0.44494924825024373,0.07756497019180458,0.3901167217506095,True
30,0.03973914064561438,-0.017536303928610934,-0.5432205493971771,0.2397153159261185,False
31,0.4995736219843142,-0.20133343894506955,-0.3641991772356553,0.14677610984056652,False
32,-0.24199559498234383,-0.4014685192758461,-0.20465305541466255,-0.3395175814195991,False
33,-0.14358793612715479,0.019899438944297385,0.6749665636883704,-0.0935416740837104,False
34,0.34197519983607777,-0.49369773657567917,0.4193552890013511,-0.6054086878236983,False
35,-0.023659323259378702,-0.04654351792047524,-0.3514999846276455,-0.6914840992790596,False
36,0.004729386431526711,-0.11825626927567505,0.011130962854275358,-0.27832492854000124,False
37,0.11331420870397897,0.04464351829041751,-0.4161938842481034,-0.16397201636318423,False
38,0.039300149540507694,0.0031149816484969737,0.527791092664124,0.04183341761064641,False
39,-0.4826871219030187,0.0415062209400989,-0.7591770695046334,0.06528156594541841,False
40,-0.11256311409840197,0.0031394486161695767,0.32315526781141823,-0.009012982329642823,False
41,0.18793717746905994,0.1228522560978962,-0.40376064393840455,-0.2639334414796054,False
42,-0.004731803252860788,0.2693759703215083,-0.00477202779389105,0.2716659059320418,False
43,-0.30765994517616446,0.33702849555442604,-0.24391021862973183,0.2671933585246519,False
44,-0.6862398452396561,-0.23811542590297352,0.8239346714793839,0.2858935641474213,False
45,0.20083801254638758,-0.39106733630448665,0.11600071915646346,-0.22587403487397711,False
46,0.006818325435979968,-0.2518067031921569,0.009215382598560263,-0.3403321141805132,False
47,0.05981909779828768,-0.08779856671117006,-0.4689361107216433,0.6882738108037693,False
48,-0.0006633108931625525,-0.16662395780416073,0.001382333337388286,0.3472426791939105,False
49,-0.6408467054591664,0.28521625016057733,0.43438667034672984,-0.19332881979515373,False
50,0.02352690345914423,0.04724282663368714,0.32157812897632393,0.6457398791471285,True
51,-0.07267909349971063,0.03781978696394409,-0.6476673505049848,0.33702458355095144,False
52,-0.033126569591694514,0.10758834925946766,-0.1424998205614954,0.46281038613263187,True
53,-0.010268911786493546,-0.06656594107456762,0.09540080773347555,0.618414558240268,False
54,-0.017147569801274097,0.09817889355643786,-0.14718251128222976,0.8426976111491654,True
55,-0.003228702392357476,-0.004898246246185671,0.45071612704594016,0.6837789022066317,False
56,-0.03653896183735612,0.2133086417931724,0.07247744541584052,-0.42311178711393815,False
57,0.5982731275074525,-0.058625847906772804,0.31894337522669913,-0.03125382863979682,False
58,0.03379794000332343,-0.27236913097531074,0.07627738865134714,-0.6147003651107298,False
59,-0.21048656667062332,-0.2629516453002196,-0.35169177669471124,-0.439353127295503,False
60,0.0029126556600784113,0.07010664818143775,-0.021721898111952246,-0.5228388269990956,False
61,0.07775203316509025,-0.19474338109684503,-0.21486622599346525,0.5381695324241835,False
62,0.9034208107764261,0.13871978764797177,0.2142193843094049,0.03289327315356031,False
63,0.36507499843975166,-0.30386271678811366,0.28074109000092473,-0.23366911096711407,False
64,-0.5623702165577816,0.1210018016904239,-0.5981479474614642,0.12869987988211623,False
65,0.1860028951379523,-0.4105553593505861,-0.2258617057589222,0.4985338196086505,False
66,-0.0030306596247069053,-0.12709584823584177,-0.005367856244700677,-0.22511014997082404,False
67,0.22206922811150964,-0.17540088426337866,-0.5504799955195905,0.43479539603277684,False
68,-0.0333850027989371,0.08787985018792205,-0.22190062966789112,0.5841123994885721,True
69,-0.6834876158160469,0.42510292492137447,0.5498401291605165,-0.34197934496034826,False
70,0.06112291264778628,0.2728242113547678,-0.16545511916039096,-0.7385145838788437,False
71,-0.07436871056904393,0.3592529697458136,-0.15288044944860021,0.7385196685573037,False
72,-0.07735369416428134,0.13422076668012475,-0.3785976056343476,0.6569261034073041,False
73,-0.09374041744468127,0.1544226982369137,-0.45811031336535296,0.7546651978777776,False
74,-0.15241890639226155,0.11543542541681615,-0.6896344453213185,0.5222990209159394,False
75,-0.14039541806594213,0.045673807399190094,0.32505192152873,-0.10574674774405173,False
76,0.6026745016600518,-0.1873360328822558,0.7692988411266093,-0.2391297335470607,False
77,-0.13641368995842282,-0.27985453851285647,0.3702915323899298,0.7596581101485246,False
78,0.4478267198356151,0.13688323226916735,-0.22946835178798453,-0.07013956136370686,False
79,0.07389978436458088,0.006796068695841252,-0.41834494945528927,-0.03847238580602734,False
80,0.16408304378533042,0.012658342717884305,0.20135056115619518,0.015533380846396206,False
81,0.1784992027341673,-0.15711945275043837,-0.2838997229657737,0.24989562096147763,False
82,0.08392007287241572,0.33062102584229347,0.17622950859904288,0.6942937359608803,False
83,0.022639774630449024,-0.042117512913995785,-0.3404828352729718,0.633411349966202,False
84,-0.07271926324923955,-0.0028259020794758017,0.7564266462170522,0.02939506723533847,False
85,-0.10547651897178066,-0.29888762835359933,0.08033059708869512,0.22763191165317334,False
86,-0.044150059628300785,0.48553174702192575,-0.0271424815214297,0.29849419417686307,True
87,-0.42814365615122774,-0.032694146350765174,0.6097201022672054,0.04655978891693865,False
88,-0.034069381817635254,-0.20394277969554733,0.04327539195491984,0.2590508913528995,False
89,-0.012955632332648898,-0.004769397188215731,0.23406284385597284,0.08616628202231554,False
90,-0.08314450378893548,0.22029092489340232,0.16692212752987723,-0.44225929776520584,False
91,0.16230265818038048,-0.3862916421203938,0.09034612587946707,-0.2150300784747956,False
92,-0.023479708832769466,0.048169591983331976,-0.18540353510009538,0.3803630062726618,False
93,-0.8522264356532431,-0.44082476358307865,0.20124240972521354,0.1040951488696861,False
94,-0.12314703152493535,0.05027039706100616,-0.39613969217220457,0.16170994436913555,False
95,0.898577577649802,0.02766917475472559,-0.49912344350887333,-0.015369105713440863,False
96,-0.43601863022100273,-0.30895801954045554,0.26292221102470953,0.18630379525346963,False
97,0.021096065918178166,0.27493724311735007,0.03765557315472421,0.4907511908295003,False
98,0.029259098460443406,0.09796540245406647,-0.07759635659358505,-0.25980835714869843,False
99,0.0831208567939755,0.03664916428436077,0.6283929065607236,0.27706734213235534,False
100,-0.6578090472126339,0.052946999482328776,0.36183068953494046,-0.029123724297614388,False
101,0.19283381836473173,-0.12890089811576158,-0.4717366822321061,0.31533515505488446,False
102,-0.3632058319419925,-0.14893701302025056,-0.6952399476765606,-0.2850916808952552,False
103,0.33995190372388046,0.2381760588530287,0.2843503055284432,0.19922063786831412,False
104,0.0670131049578808,0.4390207883098466,0.09097262161253143,0.5959859952773324,True
105,-0.03069448903234565,-0.15617731980537325,-0.13817138547580093,-0.7030329331974091,False
106,0.7309035032874199,-0.1844264963788336,0.6774830910769725,-0.17094709805227823,False
107,0.11597809292308188,0.07475683747864063,0.5874224448404161,0.3786391303171793,False
108,-0.11279949997914537,0.3288289066909174,0.1710726065919744,-0.4987044995838161,False
109,-0.1427941444107124,0.10063450117611525,-0.48410178580229885,0.34117184520226146,False
110,-0.04126276708269927,0.7628062079954079,-0.040877590918156924,0.755685629559747,False
111,0.10346708534420404,-0.01605387418873811,0.4737917828683341,-0.07351317231487318,False
112,-0.13567401118626266,0.40957814132772413,-0.2036041016083895,0.614648220203199,False
113,0.1628514926224741,-0.023895077277160018,-0.7529103677929279,0.1104739731363333,False
114,-0.34243940263617695,0.2489084537993021,-0.7059944063371202,0.5131651752676082,False
115,-0.21457234122178312,-0.05716799679963115,0.4221071096645003,0.11246098987874564,False
116,-0.08107523011724141,0.7526549097677889,0.08417982728897826,-0.7814761699822821,False
117,0.2624652405645429,-0.2829834508518385,-0.6085808491655693,0.656156634108145,False
118,-0.02917565410279218,-0.07823447556104736,0.26631332446926886,0.7141188060897097,False
119,0.13836106449533794,0.02000120226579283,-0.7377258524605251,-0.10664419246546476,False
120,-0.03835270674397146,-0.16152624611482022,0.13339768582878425,0.561817646305097,True
121,-0.007995793867030622,-0.23145725874772993,-0.020197135063817737,-0.5846540811544171,False
122,0.17929853389623052,-0.10165866902696764,0.7259938179682556,-0.41162391935214315,False
123,-0.2250624678583362,0.6056345848867822,-0.1362598649044545,0.36667014053219316,False
124,0.45602456115596035,-0.428123850497774,-0.5543062576916684,0.5203924297332044,False
125,-0.2104262725933036,0.024247170229364196,-0.5503822463751166,0.06341989455313862,False
126,-0.7079987023001667,-0.3495152079795562,-0.7508098470575124,-0.37064963395391726,False
127,-0.3819187281517401,0.06975272953308566,-0.6280489009389182,0.11470535978360993,False
128,0.03902625583335576,-0.10681116570604401,-0.16183018079862632,0.44291387652789915,True
129,0.004879707971820097,0.02643595145552916,0.091171968486428,0.4939266339156051,True
130,0.08183728387223675,-0.28301181751108645,0.12124216399254509,-0.41928279589626066,False
131,-0.07676069348204513,-0.07906459535451162,0.22485369651231632,0.23160247416043528,False
132,0.05710429688781553,0.5028647356465832,-0.057883624260316006,-0.5097275511353108,False
133,-0.01462556319838156,-0.3638680618268275,0.020721724049845777,0.5155338953758787,False
134,-0.18598804748614628,0.14764362895270255,-0.5680330721679534,0.45092394524049184,False
135,0.2560713343260892,0.0692268273822962,-0.3785113082184333,-0.10232749036608957,False
136,-0.05707630067539058,0.14685587054533686,-0.2777490756124141,0.7146413101333067,False
137,-0.27423992293343646,0.4298265222398982,0.17941184139505884,-0.281198911561144,False
138,-0.10705822519845709,0.022192146394113942,0.8435480911856372,-0.17485945330557218,False
139,0.24540274649908825,-0.24161544788712155,0.6058546147582007,-0.5965044653639442,False
140,-0.27270425886760413,-0.23722862795084512,-0.48172572798003177,-0.4190588514160559,False
141,-0.19048142141884528,0.04919111097681104,0.7281772138071853,-0.18804902792283798,False
142,-0.35458563190171877,-0.6699300873841426,-0.10342110936021824,-0.19539684239168445,False
143,-0.041830435246704344,0.129302383264494,0.09151110686177226,-0.2828706931355965,False
144,-0.4702871976151445,-0.22894564063040931,0.3671821931818619,0.17875196873824697,False
145,0.4376821479436639,0.4882503844292632,-0.2765724766810486,-0.30852667557155344,False
146,-0.5522651560669444,-0.007948858568653818,-0.4893493014216755,-0.007043298576669457,False
147,-0.16615536784786708,0.09280105743381124,-0.2783129885756357,0.15544330569585488,False
148,-0.2412464342244001,0.10313186719742218,-0.7976324774666947,0.34098463259328016,False
149,0.08461845453738157,-0.27666673696216953,0.22161290543479306,-0.7245809410081352,False
150,0.7108506172819785,0.5661663054908552,-0.4472231573588543,-0.3561967543897878,False
151,0.0004385935709762948,0.15540476314677237,0.0020580367115717413,0.729214308812691,True
152,-0.02759701076434653,0.1837108539722784,0.08720546408549132,-0.5805190429860607,False
153,-0.10468180237540983,0.23131657446472428,0.12399941898581793,-0.27400293254936614,False
154,0.28250056478429286,0.27519564123399315,-0.5503078444307622,-0.5360779375427303,False
155,0.3381031387310307,0.08624409238772893,-0.6329243830346731,-0.16144774393328887,False
156,0.0001141077274795758,0.00034714781831660937,-0.23159505165517516,-0.7045773208427706,False
157,-0.2244011123742725,-0.060360646982172826,0.7530838563513947,0.20256864291021884,False
158,-0.24780788902491419,0.08406279160894148,-0.6954564140079164,0.23591665234665524,False
159,0.2985368258594017,0.4722645263122062,-0.1338432885237719,-0.2117307875595759,False
160,-0.2241594126411911,0.2588871304429816,-0.3937061867318973,0.45470080296748566,True
161,-0.5647717266367304,-0.6472214268003855,-0.1321028040615443,-0.15138818268790427,False
162,-0.26298021105988534,-0.15886543801219302,0.5270284764790992,0.3183760839772268,False
163,0.3814634640040683,0.09053329014366922,0.5867074301777925,0.13924414529294515,False
164,-0.029447011294437827,-0.2969545497174739,-0.041512463340166166,-0.41862702926224177,False
165,-0.03582877227225231,0.12023344448864262,-0.23587388683244057,0.7915406551832098,False
166,-0.15154501774658796,-0.0546735849968299,-0.6366993441397419,-0.2297049169076612,False
167,0.0068814177604576005,-0.07094763676761962,0.07114946444019161,-0.7335532494945792,False
168,-0.08196943514929683,0.17342394072592998,-0.2287330349272927,0.483933849477468,False
169,-0.042367398194587846,0.4817361767736676,-0.057103087510749446,0.6492875237005856,False
170,0.166374298818931,-0.037888067212367434,-0.6064353218872386,0.1381022333300614,False
171,0.051175983722784237,-0.08781054282303404,-0.19316807039573364,0.3314483060923678,True
172,-0.054468781085190786,0.24473740369637115,0.08581200135997619,-0.3855677692875708,False
173,-0.24767606318526741,0.3694852934430157,0.4041949930305385,-0.6029815868656365,False
174,0.18325651093423745,-0.09755642408459682,0.7519199845088173,-0.4002838672004911,False
175,0.1604213088691751,0.0816610002777425,-0.3170978609333584,-0.16141576634852,False
176,0.0042664203033476985,-0.0350594565485178,-0.062251840124183895,0.5115566514125588,False
177,-0.016405670417363752,-0.15658084988120177,-0.05479283955122314,-0.522959998955867,False
178,-0.15863592248236838,-0.666698305542945,-0.20824306255072564,-0.8751819560861012,False
179,0.07832363675040563,0.04719772857375791,0.36213579285313596,0.21822258984720103,False
180,0.22497216573757664,-0.20266126578272317,-0.6672066174568227,0.6010385204280577,False
181,0.036760510330832157,0.19651151402639144,0.08584487492323248,0.4589029420633927,False
182,0.3175473302305329,0.21685716881206404,0.41980319477997663,0.28668901801868074,False
183,0.5491424888987378,0.2377544817385092,-0.1938777825255795,-0.08394053025731277,False
184,0.0033194923542752444,-0.01017371502932815,-0.09209941236435393,0.28227002076288715,False
185,0.004588053996792128,0.6156894824844064,0.004810276823929024,0.6455104605138278,False
186,-0.04256962199473518,0.1393119314940333,0.10517678990966471,-0.34419807045666706,False
187,0.13064578877576855,-0.16416633127045493,-0.25019364255855225,0.31438726644702336,False
188,0.026983654031951538,0.4172581592114497,0.04510752990882542,0.6975143127037298,False
189,0.09546899102556149,-0.0959514426449408,0.5118535684480192,-0.514440215487336,False
190,0.04829928045326421,0.029556767738455288,-0.33397188773749265,-0.20437425618756633,False
191,-0.2432414861665236,-0.09377369996385625,-0.32036484815351146,-0.12350605821059271,False
192,0.9835734256212194,-0.07398231519960473,-0.30786955299350016,0.023157297377713083,False
193,-0.3321846503446101,-0.4302194478770081,0.4168090209955173,0.5398182808772799,False
194,0.018146229548879518,0.1873158458267389,-0.050433378338681535,-0.52060241473102,False
195,-0.010889337144255981,-0.0007244597324229374,0.31771797908770094,0.02113754759051121,False
196,0.03682234349535863,-0.2591373739070571,0.07920163727472138,-0.5573818052916051,False
197,-0.0020679236698660326,-0.001113215050958338,0.3252643009974838,0.17509791134278163,False
198,0.23216282990105458,-0.16311985153881775,0.19000259719745632,-0.13349766394580842,False
199,-0.24871758378297074,-0.049027282381201846,-0.6253068133871437,-0.12326066074030434,False
200,0.005547899454200505,-0.002848508084155863,0.6834795107779739,-0.3509250533248021,False
201,0.025927903782477,0.11126487279566712,0.1989867912225578,0.8539155420793804,False
202,0.7914257402343509,0.2281166343753245,-0.4309772277666497,-0.12422274092503495,False
203,0.12114370782799203,-0.16018554543812663,-0.1386255438465446,0.1833013761164136,False
204,0.02254384269845268,0.11519426106761475,0.11811920155577728,0.6035641005447719,True
205,0.006923466252538524,0.015504957675976837,0.19900185478313273,0.44566048613612325,True
206,0.5463597902436863,-0.3184592696330551,-0.5400166520023901,0.31476201517257635,False
207,0.04917838997904026,-0.01705727669153172,0.2112613985254754,-0.07327495126263404,False
208,-0.03652208890642376,0.36382376961336305,0.05003206499525368,-0.49840671859577934,False
209,-0.020044015680315497,-0.5460003710798366,-0.021625301114955215,-0.5890746954999836,False
210,0.2365838221514457,0.07483759127206224,-0.5548919688709671,-0.1755267033429385,False
211,0.005677336218299396,0.02765472407412348,0.17646018000437746,0.8595505709811522,True
212,-0.26922871323338693,-0.2742039938294874,0.3534284584680151,0.3599597297072804,False
213,-0.037403523896505565,0.01504977054334777,0.7451387802582918,-0.2998158060418744,False
214,0.008541055102638565,-0.04847526508117514,0.07267356310511741,-0.41246312002199415,False
215,0.19558081544800596,0.14116743691690808,-0.6304729761003232,-0.45506638203540173,False
216,-0.17983524405752185,0.3930766020980448,-0.35254128423291625,0.7705704787279132,False
217,0.39629945048913245,0.17916594248232737,0.23170960558363643,0.10475530514958158,False
218,0.3620997452751581,0.052468784277401086,0.546045130812998,0.07912274048296054,False
219,-0.26519662670321126,0.5446957022331549,0.3329402415208219,-0.6838364458527417,False
220,0.17741942263550564,-0.12835137073331787,0.4280258924564586,-0.3096487926184012,False
221,0.0833926212844259,-0.08886145819326811,-0.3973041102353312,0.42335906987833116,False
222,0.3113324729400698,0.08959237746720183,-0.2811458250669234,-0.08090554334039027,False
223,0.10079884178945835,0.20839156088975427,0.2631722562541262,0.5440824149371455,False
224,-0.3598173226538808,-0.24285347446912348,0.7140724912898173,0.48195285389127357,False
225,0.03152805065874784,0.5149787439835241,0.049275854601563404,0.8048711284465979,False
226,-0.04668836606551796,-0.3502349344517329,-0.0768488507157146,-0.5764852030876209,False
227,0.04342270875952818,0.39130650720573107,-0.06205234841029171,-0.5591886921383341,False
228,0.2522003543105053,0.09194910402014765,0.5028600271559337,0.1833364947917887,False
229,-0.02396715435811511,0.05768858646822587,-0.11392221908378916,0.2742090983380388,False
230,-0.3128455146116501,-0.08813894714748975,0.7929251099296942,0.22339327588815067,False
231,0.8355976212259779,0.2006002263399761,0.4047746082226762,0.09717341931516216,False
232,-0.11116620051560842,-0.3906410310549275,-0.060287104874322366,-0.21185051479847222,False
233,-0.025182112632619956,0.10191014693279675,-0.1698329760083998,0.6873014902105721,False
234,-0.01638834525039751,-0.22414085177169468,0.0446396270629155,0.6105292437874399,False
235,-0.142555623071095,0.3294811475377373,0.3183756470169683,-0.735844516458712,False
236,-0.2879380027529083,0.3365048325467712,0.3118504825252745,-0.36445065742798116,False
237,0.06767282219090454,0.41597593318162845,0.08944990730261118,0.5498368097941521,False
238,0.17257756684413203,-0.13467080934144776,-0.6794457636816806,0.5302051278847383,False
239,0.2562412146525233,-0.10964271434213607,-0.6738224455331601,0.2883209947825787,False
240,0.2264366545070839,0.22818084598408034,-0.275647646066838,-0.2777708989296331,False
241,0.1299370671429773,-0.03813566656000787,0.6358205780458733,-0.18660911847169842,False
242,-0.13316410302134613,-0.17830613924913435,-0.18975761688371331,-0.2540846015703463,False
243,0.36344494325040205,-0.39737352603563764,-0.4086080302919791,0.44675271118501325,False
244,-0.14916428408179652,0.12104772579614717,-0.38246041006651305,0.3103689541406988,False
245,0.0076096655997721285,0.01552346406217866,-0.11218307907039464,-0.22884974030737523,False
246,-0.41956614374356505,-0.3259688628527074,0.5166156007123998,0.4013684192762563,False
247,0.3213420821060542,0.18700814879242486,-0.7421934588943483,-0.43192669906169057,False
248,0.12674632254779364,0.24318185826094416,0.3506292796299859,0.6727349406840876,True
249,0.12567154461867014,-0.14451887384322135,-0.3295847910789092,0.37901358646546873,True
250,0.0347754135401046,0.032674652191202684,-0.3963199203862748,-0.372378477688916,False
251,0.1303498281775108,-0.3312561468286193,-0.22734026121366482,0.5777365417474577,False
252,0.2202327936071604,0.46851489855514195,0.22240608830515063,0.47313828333032476,False
253,-0.17485248835367456,0.13582178016939356,-0.22974650342357497,0.17846231058242673,False
254,0.45575714167758447,-0.15013960495279108,0.7084790500224247,-0.2333935224715475,False
255,-0.43499117269718396,-0.11046622078458007,0.5926623624772439,0.15050689644614457,False
256,0.08759945985921637,0.04598894881335386,0.7298976423689233,0.3831898663283876,False
257,-0.14022451761760518,0.2612813519074345,-0.36516879473297303,0.6804216408319503,False
258,-0.031223379486559278,0.082359256418818,0.2316889450367584,-0.6111359355543792,False
259,-0.07072638472383995,-0.1295690195463242,0.33227204753643863,0.6087143233751953,False
260,-0.569496224080641,-0.10986857993597914,0.46278652236296264,0.08928188787838068,False
261,0.032172910031468445,0.016385999022301825,0.6440094199312413,0.328000722192205,False
262,-0.165593960058473,-0.23147833156697997,-0.17332849753396556,-0.24229018623629944,False
263,-0.019581294280938747,-0.039786575079377565,-0.23541035139651603,-0.47832239717767605,False
264,0.28217291678166606,-0.183325474892561,0.33333096386286576,-0.2165624466852639,False
265,0.33180524298929054,0.12674467986021548,-0.4180790808821813,-0.15970000589886854,False
266,-0.3380103628025469,0.20608518571665882,-0.46937333399452225,0.2861772932187142,False
267,0.3343843048457117,0.10580504036031985,-0.49475601348258413,-0.15654945287934346,False
268,-0.41980309166312396,0.013727407023094612,-0.5850547789548557,0.019131076547584724,False
269,-0.5508511755259138,0.07903674914056724,-0.6045609830024825,0.08674309301078019,False
270,0.008068380652784991,0.031463383144519456,0.08291969846018878,0.3233528951042245,True
271,0.2844870644848756,-0.6444974883578185,0.2391884298966373,-0.5418746985623608,False
272,-0.28507084356964996,0.13866273181555128,-0.4942194449794259,0.24039574689254106,False
273,-0.14588904424871488,-0.047037400009879916,-0.6849832753331191,-0.22085162383401832,False
274,-0.0566381268973607,0.8632360558311725,-0.03149838720885479,0.48007490764109156,True
275,-0.0923133909433264,-0.018397481966620565,0.5983854978070285,0.11925449051861454,False
276,-0.029571763980398583,0.313734117044472,-0.03962630745105896,0.42040524157203824,False
277,0.16777638351955285,0.32714179647708386,-0.38471083880220597,-0.7501353425900505,False
278,-0.02542519091642098,0.08257178359748599,0.13444084671815168,-0.43661503028102566,False
279,0.2411758296174521,0.002396729006841867,-0.5177650142498116,-0.005145384719309445,False
280,-0.43384926642636534,0.026631093858965445,-0.4788767199714385,0.029395026944450037,False
281,0.06766352364356157,-0.15292154350961806,0.10010583737087386,-0.22624212191073917,False
282,0.008202499186074389,-0.03961531217186375,-0.18021137293502257,0.8703603174824299,False
283,0.15205723580849576,0.06915076934692678,-0.18209791630716987,-0.08281231039193682,False
284,0.0025477684116403648,0.03783184060183463,-0.01771201997214361,-0.2630059754494023,False
285,0.19629363693886426,0.06380991269373185,-0.26111269671255655,-0.08488088885755564,False
286,0.14877034813752557,0.2798814654575534,0.12986766101440655,0.24431986437684913,False
287,0.16461986215216712,-0.2626749234581076,-0.4433226016434839,0.7073856637439682,False
288,0.072854388410988,-0.22394958572456805,-0.2433334486769915,0.7479909750491264,False
289,0.07178766693240853,0.23134509150323965,0.1421045982991787,0.45795054640107147,True
290,0.14570619893821618,0.060707128470775584,0.7744655883115267,0.32267386225454053,False
291,-0.2609121907918681,-0.4416488364925541,0.16798955683592015,0.2843577070673092,False
292,0.3503702515562698,0.48075855362152453,0.2622416172233477,0.3598333478246751,False
293,-0.002539172843518233,0.019469327170178886,0.07783089338025219,-0.5967750998265428,False
294,0.050415855214877084,-0.08822313904937892,0.2587372471142245,-0.4527665360851778,False
295,0.4483353793586592,-0.07816517092263046,0.4841500561593924,-0.0844092918699282,False
296,-0.1464415351862231,0.39912817139980883,-0.21200675743495187,0.5778269758768264,True
297,-0.016404581377923992,-0.10596782705611503,0.08400487944932523,0.5426419810587337,True
298,-0.17812583955674038,0.45871887776311104,-0.2853724513971023,0.7349059012164705,False
299,-0.003945596634009344,0.03546505451649699,-0.07781521767248334,0.699443251035875,False
300,0.11310057715193274,-0.1690169661912247,-0.4597713668495213,0.6870801504585493,False
301,-0.01472513558437516,0.09634226122418046,-0.07187752017425784,0.4702736205785841,False
302,-0.2970996760666926,-0.46247172436790124,-0.4759963216084548,-0.7409460776309449,False
303,0.008692009996886333,-0.0023516447325249647,-0.2687684259328514,0.07271596021408505,False
304,-0.1431583715655032,-0.30555044114293267,0.25000346841331883,0.5335955503377642,False
305,0.09876169607404348,0.20737704794678344,0.27228706624580745,0.5717407683016312,False
306,0.04989435929381326,0.18381407383998796,-0.1425915450894916,-0.5253165521916578,False
307,0.4214741504899802,-0.5726249652343022,0.25563875270095227,-0.34731698659987736,False
308,-0.2824413253592572,-0.34356471933835026,-0.40925197296986504,-0.4978185789675533,False
309,-0.01227683579814496,-0.5276121794960256,0.018263212912213906,0.7848841287483153,False
310,0.18764423552461434,-0.11146734279156105,0.20934295317751828,-0.1243571520201332,False
311,-0.22020912643026408,0.18735265709005638,-0.23407941249107725,0.19915341662358757,False
312,-0.3007425544015748,-0.37516227467681024,0.27810611332803564,0.3469243728586428,False
313,0.941583988983213,0.6120131012487569,-0.40551544786313626,-0.26357793861703105,False
314,0.30753995305465515,-0.4399176417133279,0.1149775750969371,-0.16446859402873285,False
315,-0.21535696525200448,0.15444190033934352,-0.5267827732908619,0.37777897026858775,False
316,-0.7611608195972146,0.2581749637534466,-0.28838175772299357,0.097815005620872,False
317,-0.027232622827985126,-0.1645195621856472,0.1462052750615941,0.8832651924238196,False
318,-0.18655616019594226,-0.12183322241284489,-0.338654229519222,-0.22116308581142965,False
319,-0.5690170467414999,0.003956692114197569,0.8910657236747789,-0.006196075745508261,False
320,0.3091056280946829,0.10520350727172044,-0.7312467956350414,-0.24887844345056312,False
321,-0.14575943992927176,0.3326782734066926,-0.11645589936020079,0.2657964900659228,True
322,0.010555284064296972,0.13364952302034455,0.036061113834642514,0.45660075410801587,True
323,0.24686361830619494,-0.07491506788114112,-0.8040251938843198,0.24399545948192858,False
324,-0.39850919793124695,-0.9217659251796622,0.1817371536789483,0.4203644896279045,False
325,-0.546746802331863,0.11886408832558544,-0.708584228130823,0.15404793941078437,False
326,0.056140713747525765,-0.08597684224823751,0.4699890702683834,-0.7197659854233948,False
327,-0.1641823210967776,0.45343415826453387,-0.2921394113241101,0.8068224835946981,False
328,0.23242797680832467,-0.6481263532941016,0.25795531569728714,-0.7193094410213161,False
329,0.07431115514408493,0.09345397364147695,-0.5271994340863073,-0.6630078878652051,False
330,-0.06915685971127981,0.2763309592612364,-0.12931272933478333,0.5166965459529254,False
331,-0.01188606503404498,0.3675070323423317,0.01596033239414535,-0.4934799175815566,False
332,0.02615186867619527,0.3552602862122055,0.06289358568949967,0.8543784587486007,False
333,-0.009529844261041935,0.244676992083666,-0.022130565616026953,0.5681981866351772,False
334,0.23334844546472652,-0.18640612485622365,0.411033708864453,-0.3283467378671089,False
335,0.04273040347130705,-0.0184175040925442,-0.5969011246741336,0.25727416578015805,False
336,0.2589851205680334,0.17935395078032046,-0.480996347619021,-0.33310251595598406,False
337,-0.18899224874325568,0.10751348534183493,0.6259735746577338,-0.35610243907287203,False
338,0.12187237662899218,0.17148752891694244,-0.3159765385188579,-0.44461294089047676,False
339,-0.01051343975321377,-0.002085986063111795,0.2596029432633089,0.051508177561442624,False
340,0.08066049500202348,-0.03308127921929223,0.19923426932438273,-0.08171192717582793,False
341,-0.09595969299891852,-0.05875327050862273,0.6569543810245445,0.4022336592989609,False
342,-0.17360412172511117,-0.11729406156328909,-0.6156932686511074,-0.4159876127343107,False
343,-0.06516654741810914,0.20975228239449384,-0.11978473171128012,0.38555243246584964,True
344,-0.0339295106174273,-0.18097082293660807,-0.10319884866777447,-0.5504347168486725,False
345,0.05208633325525997,-0.10594634674020913,0.18022264050675338,-0.3665823483482846,False
346,-0.2893954219366118,0.11750001292743148,-0.46796900729661073,0.19000426488789818,False
347,0.06295388636855066,-0.25630293706108154,-0.09784540977962468,0.39835611986920816,True
348,-0.08513549473752309,0.0643817463523236,-0.7106573174204324,0.5374181391045515,False
349,0.6248083869281613,0.45732503979286243,-0.18160373323198653,-0.13292384715764016,False
350,0.010616961645435031,0.04151863517389403,-0.2084781983384116,-0.8152737617023351,False
351,-0.04550604683517275,0.12945153529373513,-0.12711483141725083,0.36160491253326793,False
352,0.08442908664676148,-0.22844602629927474,-0.27137317542651607,0.7342744785310497,True
353,-0.26246092206547966,-0.28068185031802334,-0.40972112211878065,-0.43816535340063023,False
354,-0.36107773735028237,-0.16398817394100498,0.3107327788695779,0.14112335300529247,False
355,0.3856453149607779,0.3431041926135452,0.46069534598987955,0.4098753403571145,False
356,-0.31661214760792855,0.4110812901650666,-0.4382810362394956,0.5690531307577107,False
357,-0.7304251846573901,-0.3507069283433416,-0.35429222195121196,-0.17011014886449785,False
358,0.01640263354949056,0.05090590365998763,0.0625710779927378,0.19419060107569194,False
359,0.04821766826790953,0.6106939940115038,-0.0543397921877879,-0.6882328805393731,False
360,0.22543436934300376,0.27005859307674174,-0.15443111117440647,-0.18500040048277763,False
361,0.3787839075866948,0.5861546358974448,-0.11558989155573679,-0.17887124938846782,False
362,0.14257820660878803,0.05204752434267676,-0.838840123625633,-0.30621476305852263,False
363,0.4145781397069147,-0.42047923843670665,-0.48746441024664444,0.49440297100664704,False
364,-0.3467848128082507,0.3662364494478723,0.20347380536389278,-0.2148869306837954,False
365,0.31181840385618853,0.4058918467003019,0.19372528109336024,0.25217085047931975,False
366,-0.021494696800082383,0.5583669052170865,-0.03461722268303521,0.8992502511904711,False
367,0.0011907929938633592,-0.0005794189139743801,-0.670701300313307,0.32635144901879887,False
368,0.0884706590604895,0.17998557218984254,-0.21786352894702216,-0.44322368944960305,False
369,-0.0653084842184016,-0.08709428751717277,0.31013678544195245,0.4135931599729634,False
370,0.19095844690887906,-0.03618821661529516,0.6349902034689128,-0.12033593383113599,False
371,-0.11988684554325027,0.7187869701376283,0.1221757941158571,-0.7325104641694349,False
372,0.04242576975449033,-0.06905937261523588,-0.32238955683713455,0.5247758770604279,False
373,0.5195005859554431,-0.11101252483343982,-0.47105135170021273,0.10065936649959877,False
374,-0.014661401761262002,0.17016626617422087,-0.06856765844622044,0.795824479002496,False
375,0.2949283793297061,-0.024888322243936063,-0.7132888571623547,0.06019279314663589,False
376,-0.041477308480160985,0.23065587669420162,0.10862270625374357,-0.6040523471246396,False
377,-0.373489037502878,-0.08537151261828754,-0.5242539728310975,-0.11983311466375379,False
378,0.2414025772866259,-0.28395473562259044,0.3808260863205737,-0.44795449938775483,False
379,0.8045971058532337,-0.2537521494882742,-0.4248319065239677,0.13398259659079917,False
380,0.34165767245127,-0.17641224997399693,0.24808364231477623,-0.1280960360365859,False
381,-0.26768407292098545,-0.2076079915922558,-0.3591418009961321,-0.27853994893316386,False
382,0.2552322353023953,-0.006384100065002187,-0.6117873462356873,0.015302579755426812,False
383,0.05065156237943103,-0.20372028090628283,-0.07778307098948359,0.3128430462426524,True
384,-0.245416464199328,0.07185565736414819,0.8553141147469608,-0.25042801496015377,False
385,0.03917136095134248,0.09436188546528519,0.11723401300434853,0.2824109818776404,False
386,0.13125048737778136,0.05512872606027106,0.47235246051022506,0.1984007063106068,False
387,-0.006306520520417807,-0.013313816286472296,-0.31182745426680475,-0.6583049124704244,False
388,-0.06572536236625366,-0.5929878110109594,-0.02495500815217507,-0.22514924414501067,False
389,0.5171714575164925,0.24745034087964865,0.543926053655989,0.26025157698538376,False
390,-0.0021972538992018854,-0.01790897117512632,-0.053746617666816626,-0.4380680024758096,False
391,-0.0025752311394508535,-0.10910621911485467,-0.017010399286325015,-0.7206888435500622,False
392,-0.2743709811180275,0.4678989413060928,0.3115425400844356,-0.5312895120443207,False
393,0.009101312339877625,0.24794686844684222,0.02060735585382408,0.5614057797508888,False
394,-0.2239745029880091,0.16659393060498806,0.2919551458906408,-0.2171584473473684,False
395,-0.028999947436288538,-0.0538495259755268,0.16178933167221396,0.3004239520635841,True
396,-0.2804484490070021,-0.07175486803490147,-0.48455237043352595,-0.12397640821179316,False
397,-0.028882384303484655,0.04002540521978151,-0.31181333310908255,0.43211304439003606,False
398,-0.2896545819980125,0.39577256485613116,0.23128606794997397,-0.3160201357652914,False
399,-0.018098994265447987,0.7481094656290761,0.013104897819511132,-0.541681927796083,False
400,-0.3465718690507073,-0.3149975451172664,-0.4427915228519134,-0.40245113684250433,False
401,-0.016935816535248394,-0.06260747284318978,0.06854408678784558,0.2533903247711549,False
402,-0.2529909296455484,0.04808399315994194,-0.6255911836049022,0.11890118841621243,False
403,-0.10740191697483975,0.04058560684883475,0.49922045806321635,-0.18864807828891292,False
404,0.4782101686269926,-0.17834342800585004,-0.709616162706421,0.26464384768056715,False
405,0.03717567311218822,-0.14476826938291135,0.20258144774095302,-0.7888859338212586,False
406,-0.03185454107496946,0.08435725775166843,-0.08471582193723702,0.22434460474520587,False
407,0.01260117895947535,0.36684927873359885,0.008234955580255802,0.23973848198929515,False
408,0.7767070169212335,-0.08052620959441137,-0.822648261924895,0.08528923380250633,False
409,0.11832822975454407,0.089343547733882,0.6602440974908915,0.4985162894987535,False
410,-0.2439181894355215,0.08940246289122743,-0.5859893022222588,0.21478056625387704,False
411,0.16039220731594794,0.007834778165229421,0.7904723536854608,0.03861269596890548,False
412,0.019128692611615216,0.012883404393642705,-0.40690644175452634,-0.274056379384682,False
413,-0.44759884016336166,0.8600739768033622,0.13791836793522927,-0.2650140897170082,False
414,-0.2601164073691415,-0.045672476120074676,0.5328634797069486,0.09356270447652934,False
415,0.04484246355902798,-0.03574478704529038,-0.7018417897271871,0.5594515403967598,False
416,-0.1453810224881486,0.3300495571555896,0.23345726091666766,-0.5300036019940937,False
417,0.4638735356848098,-0.13447402340998094,0.7964411163817996,-0.23088327548344906,False
418,-0.4817494556232041,0.40830952474078336,-0.43237933957031144,0.3664655986363385,False
419,0.2814148266908969,0.19981995645112144,-0.6058210954158527,-0.4301661938947235,False
420,-0.017231967052976475,-0.017922551779117255,-0.6236089815257613,-0.6486006053143821,False
421,-0.9682694509142027,0.3827421907926146,0.4167223238661103,-0.16472399809589508,False
422,0.26182983498913526,0.6518723085575854,0.2812137465652147,0.7001320310926408,True
423,0.24250803481496752,-0.27227150185156923,0.15154898948161094,-0.17014888187819818,False
424,-0.08194474523262066,-0.13381858104500555,-0.4380228565620348,-0.715306356301633,False
425,0.01465649318135024,0.284426002965132,-0.024946681775605266,-0.48411887460959685,False
426,0.17245653329382243,0.010140610272486276,0.4982347291431868,0.029296681986821546,False
427,0.037676827812729595,-0.036139492637347885,-0.4139322376011004,0.39704247734178183,False
428,-0.17112490217470835,-0.19270335737825625,0.479149798818907,0.5395694825598915,False
429,0.008526776211720325,-0.022030406639947517,-0.17622646589942692,0.4553116685704521,False
430,0.03873243665317573,-0.08167242442415049,0.18703169569724915,-0.39438086915458354,False
431,0.12311256689786998,0.23048559346915853,0.10971528362107896,0.20540382590689812,False
432,-0.49269848762211493,0.1823865736542723,0.7215796591986214,-0.26711354908966617,False
433,0.19557652939381742,-0.02280382185367891,0.3180135399768726,-0.03707972595263595,False
434,0.016871868474814106,0.1721790887933414,0.021691794584486997,0.2213669121131802,True
435,0.183055861251519,0.25832329869884557,-0.5119563049068897,-0.7224583827529439,False
436,-0.06221632148191915,-0.052769149852527376,0.4035350603569543,0.3422607052863639,False
437,-0.014579233813201217,-0.07005054603403911,0.1412284068992329,0.6785766073557778,False
438,-0.22085195807938496,0.26499573399357546,-0.43246717468629114,0.5189084913746973,False
439,-0.04128838423751448,0.29307732358306643,-0.05830936876159942,0.41389737215583444,False
440,0.47530695354261143,-0.17527296711820303,0.3205389027642096,-0.1182010996169015,False
441,-0.03180738336996682,0.048351909081450435,-0.13350839505135878,0.20295243101414537,False
442,0.08319206104667225,0.03544376160288515,0.5592100229047666,0.23824997828411568,False
443,-0.017422871247017465,-0.12601746445228956,-0.08358073446603567,-0.604529074751266,False
444,-0.6909650268380902,-0.19736972770808991,0.7880990173884246,0.2251154290409766,False
445,0.04152966961973159,-0.016085454070436787,0.2503045055639879,-0.09694904064346224,False
446,-0.0039988393574442276,-0.006011786006251419,0.28111593391310996,0.42262483850145605,False
447,-0.5593961066250602,-0.09070238401589743,-0.8770260467780656,-0.14220398094426936,False
448,-0.17216938533064383,-0.1266086935336121,0.32222080337468234,0.23695243417563797,False
449,0.07001215007025474,0.07573710303252419,0.36115613741059893,0.390688181443468,False
450,-0.32709419453428173,-0.1452826974266472,0.3444697578338844,0.15300025630618627,False
451,-0.4235542929796296,0.14675494067132167,-0.6971311028353778,0.24154502818758888,False
452,-0.15280368526026697,-0.10371071091685648,0.462213186482742,0.3137127097662708,False
453,-0.031076288135217938,0.08293417464762612,-0.30187177476800564,0.8056137972741532,False
454,0.26025553787122907,0.2833183846153633,-0.3767893412771915,-0.41017896635021783,False
455,-0.4213809592545062,0.12540522317948885,0.36874833425868814,-0.10974147298109323,False
456,-0.2654325303573485,0.37123932196729165,0.21662266098463573,-0.3029728484237398,False
457,-0.02669494032436224,0.014265690484565078,-0.2802504045377277,0.1497649172738838,False
458,-0.04470100349651854,0.019915927014633707,0.8122718293514092,-0.3618967182843133,False
459,-0.15433762796667727,-0.3156552294854734,-0.1401593906252805,-0.2866575390281314,False
460,-0.06078340184453366,-0.4160223874148524,0.07018946866427764,0.4804007251811753,False
461,0.0012103561503804948,-0.05537618883558571,-0.016836282358603422,0.7702932321913436,True
462,-0.060766002166007034,0.556363336338996,-0.06550179840210396,0.5997234933382742,False
463,-0.5322792244396711,0.007879673902694473,0.6378509577440286,-0.00944252060717796,False
464,0.06861864698520263,0.4729979479699408,-0.08937491103321724,-0.6160737842561083,False
465,0.03240893457744482,0.031093918408234125,0.23546677430837165,0.22591253812120332,False
466,-0.02078798602267949,-0.19767174451768962,-0.039434026870613204,-0.37497585751536,False
467,-0.032734368864953386,0.4307556841944477,-0.04177748600236257,0.5497552019748487,False
468,-0.08965079741465837,0.01846587199439885,0.8044880898422005,-0.1657048739826998,False
469,0.014145811999015078,-0.006939017557148914,0.43715896431759577,-0.2144418241155786,False
470,-0.01472687733627822,0.11568915366545628,0.08547742367883225,-0.6714804895228956,False
471,0.20016773698286894,0.0461113567014433,-0.4803420627645851,-0.11065331770594208,False
472,0.09841400037303762,0.24335093114491213,-0.3119983623070255,-0.7714866959508683,False
473,-0.46715506343533414,-0.41002968218975355,-0.6293152876793195,-0.5523603779583641,False
474,-0.05394199793017523,-0.19492638587516603,0.11345836099450315,0.40999646109894405,False
475,0.0600419889642833,-0.09858058215870528,-0.24476689863307394,0.40187315205002316,False
476,0.23242148574251675,-0.30708075377825655,-0.13919938077586558,0.18391350798554829,False
477,0.15476722340098853,-0.024713775881160013,0.47146991803194016,-0.07528597872923931,False
478,-0.16249388752548696,-0.43267340074367516,0.09056274543648818,0.24114193860087885,True
479,0.045797167156051345,-0.0794982033677742,0.14418671012953255,-0.2502902497385866,False
480,-0.008365387645950871,-0.1017192683727414,0.05839139339673032,0.7100125023441399,False
481,0.28986472015686365,0.0015822852377738814,-0.49929793832258623,-0.0027255188442085235,False
482,-0.1527907356102137,-0.0006534333647120115,0.46913883148306995,0.0020063452404279905,False
483,-0.0710958959514203,0.39897741282865024,-0.11656308844252446,0.6541311398606334,False
484,-0.08718522513478814,0.0746848937181703,0.67769343383177,-0.58052797364438,False
485,-0.027476536855672574,-0.0070957822178029034,-0.6083005871992507,-0.1570928866472627,False
486,-0.04810467862588397,0.08524720921734909,0.4179903533781299,-0.7407285969495309,False
487,-0.24348346815418057,-0.04926151447912927,-0.6631428690207531,-0.13416689967349746,False
488,-0.6169104320470381,-0.7883496160507917,-0.3952337316647574,-0.5050690415046761,False
489,-0.08450534393606851,-0.17298569374665207,-0.1730960428375772,-0.35433426645433946,False
490,0.018801101895852886,0.1790955771716989,-0.06641289686732413,-0.6326361168608708,False
491,0.019797866568508925,0.0345697433317112,0.12306252095927935,0.2148837476297844,True
492,-0.2610458953381826,0.3173162487352884,-0.4884670429034893,0.5937596892077357,False
493,-0.29574451693656684,0.12357304604788932,0.5427703058023209,-0.2267895976131424,False
494,0.006498121716804327,-0.00013631997876147327,0.38887858074007464,-0.008158037380276907,False
495,-0.05899378818787297,0.33018272307596785,-0.03596765545414023,0.20130760856865043,False
496,-0.5713881884410622,-0.3406781933585363,0.2157682823946048,0.1286473016371262,False
497,-0.09250078004902332,0.2245642751253122,0.22308774084897492,-0.5415904253622834,False
498,0.1779816824064293,0.29434060895409336,0.36933018618610225,0.6107868542275284,False
499,-0.2793211357528323,-0.4509719046292777,-0.11187939438202248,-0.1806324588980524,False
500,0.06856067061456907,0.04411521325814429,0.6915240721598835,0.4449596487755325,False
501,-0.39399854789551064,-0.2756230396322769,-0.3827656026953734,-0.26776499417342486,False
502,-0.0034663701901419663,-0.040104972341261605,0.07288362007325341,0.8432439141905773,False
503,-0.3905324406350628,-0.064761906809609,0.6168360862844404,0.10228978947765881,False
504,0.0180542533978881,0.11342391517965683,0.09300249844595711,0.5842782452839806,False
505,-0.2208928098944816,-0.2942897076693263,0.3570223180284029,0.4756514874983659,False
506,0.0675554010797731,-0.2800429797439701,-0.1817913921455478,0.7535948619138114,True
507,-0.12065715558068979,0.1362517459401381,0.5651913432580848,-0.638240698933653,False
508,-0.002846457370412504,-0.006363792390335469,-0.18318335455482523,-0.4095409437251412,False
509,0.10659757830654187,0.041649629244481,-0.2100958973371886,-0.08208832103780951,False
510,0.04634181959047788,0.06434606723047705,0.2968055339542417,0.4121173706809196,True
511,0.19465905787741403,-0.07642238782551293,0.6709860103495316,-0.2634264938275718,False
512,0.011324883039483548,0.002174592324956553,0.3924797612182699,0.07536355770478244,False
513,-0.1501372616920888,0.5103879150477469,0.23638765586470242,-0.8035940009832162,False
514,-0.03374067452477266,0.17857309418571063,0.1352957661625489,-0.7160551451374849,False
515,-0.19621305474889797,-0.27063177231517005,0.420291777188532,0.5796979650288219,False
516,0.009730355184948174,0.47090179444468133,-0.009525630921174037,-0.4609941372887806,False
517,0.620487561136204,0.3409973794372099,0.2411828442996,0.132545312787218,False
518,0.06289290584702965,-0.12656982792915064,-0.138205849217909,0.27813455776489676,False
519,-0.07882439314360695,-0.08347837919056235,-0.4752461154035851,-0.503305814968014,False
520,-0.03202129706924339,-0.016424459907065564,-0.4052693915597271,-0.20787199403071746,False
521,0.5577887092180622,-0.905562749625207,0.23114606005176672,-0.37526263663340037,False
522,-0.024277746380428483,-0.18186101032630198,0.10720416321422248,0.8030505438116444,True
523,0.12894664205310089,-0.48451312807777724,-0.14700428689172804,0.5523641852838874,False
524,-0.2319723298167285,0.13802153705115422,-0.30198577073416977,0.17967893100542467,False
525,0.4429707607553101,0.14975279627077515,0.7054616800571882,0.23849172137300362,False
526,-0.0809087400502252,0.2154136982924717,-0.10340766216517112,0.27531545942935504,False
527,-0.08775088113464204,0.23103884886517967,-0.15501859956626107,0.4081476827740038,False
528,0.02125586376413008,0.09405929200593303,0.18651810935789595,0.8253610160079461,True
529,-0.007271150275742636,-0.17784041529911296,0.010199424435908813,0.24946120059507165,True
530,-0.15185067318346926,0.058604677755361635,0.3500818356612632,-0.1351092671294608,False
531,-0.004360950255169209,0.015432880847461887,0.09855263943464071,-0.3487659919520612,False
532,-0.04769691335747977,0.2800926232860147,0.03373475396129323,-0.19810203780084104,False
533,-0.019256801566944842,-0.0004975518205397895,-0.3222352160402315,-0.008325822843709463,False
534,-0.22689620521185563,0.007839676973462563,-0.5817880966114143,0.020101837931491316,False
535,0.11757806895862757,0.02260442213783085,0.3409608279877419,0.06554983047911091,False
536,0.23043011306200353,-0.40782753696984536,0.31258292298709334,-0.5532259733186833,False
537,-0.00043920759844831445,-0.002248552319178652,-0.15329921360077237,-0.7848254526745041,False
538,-0.11908459857620605,0.04630393772977226,-0.21984014939271923,0.08548094975917592,False
539,-0.1137087240024398,-0.08208981938154385,-0.19320767314295065,-0.13948255184969685,False
540,0.30507821560353665,-0.09744994666668934,-0.41917111679238367,0.13389419790208337,False
541,-0.06719002769952219,0.04910095450898801,0.640134251727704,-0.4677956513768573,False
542,-0.028485504317045593,0.00927825802581138,-0.3907591253931353,0.12727750756964384,False
543,-0.010330892026627255,-0.050110268951177594,0.07835412965834189,0.38005880813535076,False
544,0.09713279487648364,0.46854065220875407,-0.05116934323957937,-0.24682618764396916,False
545,-0.13180501540147546,0.03282644622679751,0.2460693699343779,-0.06128433668179198,False
546,0.08045032243907482,0.059201368331427334,-0.5388149921219446,-0.3965003973136742,False
547,0.06402048954310158,-0.40052389735963606,0.09725130217470872,-0.6084219419173613,False
548,-0.1499503107306618,0.0376179101194135,0.39477676521856025,-0.09903731975520302,False
549,0.16501034385752883,-0.0228959042738728,0.4337166194715127,-0.06018007095349971,False
550,0.4888339845924081,0.04294193978381605,0.2277757740766415,0.020009111237973318,False
551,-0.009329932059801037,-0.1451183627935137,0.024871242928759398,0.38684891072382444,True
552,0.0035506650297257723,0.018765039928053354,-0.09414990236529124,-0.4975762743925929,False
553,-0.04477321687990994,-0.004216423067138242,0.7610470828024287,0.07167000047625086,False
554,-0.0962363723721005,0.11268206283842333,0.5696118242256547,-0.6669519412341419,False
555,-0.026955319689231757,-0.2393643151343454,-0.041098404970621526,-0.36495547714971927,False
556,0.3812517746365379,-0.5634707285169742,-0.19080542458766406,0.28200071120953657,False
557,-0.08115482410281222,-0.9100674159629331,-0.047488678759466545,-0.5325364159667243,False
558,0.02962801352987267,0.006910823574579448,0.23348028031371856,0.054459980037628884,False
559,-0.44787934771509536,-0.33482180487462265,-0.6859273354981118,-0.5127796797418129,False
560,0.023983327984171673,-0.5980523790549582,0.013249738250145901,-0.3303977449495282,False
561,-0.09224427133565867,0.1433546576432041,0.3187113960924119,-0.4953019023540546,False
562,0.004526297688018426,0.16699875395643884,0.01690214132797786,0.6236082413314835,True
563,-0.27976964344262045,-0.026343049559044002,-0.6438092915830854,-0.060620944667374645,False
564,0.505151939422823,-0.17772252112771442,-0.30350376948570623,0.10677867563251284,False
565,0.1514489546711553,0.38512530701664505,0.12305742261410443,0.3129274003101476,False
566,0.048351473502811486,0.14914669657114885,-0.2233088937639567,-0.6888266562944589,False
567,0.06842656804343146,-0.10142625256798102,-0.12584973214557924,0.18654255332677888,False
568,0.23831982334355722,0.18785022753041689,0.2706810246219878,0.21335821481415762,False
569,-0.474722640971828,0.22087856371245107,0.384584762632907,-0.17893928509951032,False
570,-0.04234805765939663,0.30710222813819943,-0.10865235361607897,0.787931766701784,False
571,-0.0687812094908316,-0.050881735532395084,0.2910620644660018,0.21531669910000845,False
572,0.12059212920380354,-0.12081719542176873,-0.5069251418833769,0.5078712378286798,False
573,0.281673656668671,-0.015920135828712642,0.21305426122708807,-0.012041782031505554,False
574,-0.07500747701634905,-0.3960152931092518,0.12146507146825818,0.6412964119504233,True
575,0.31589174190962405,0.029767805606914426,0.282883261030011,0.026657277815766947,False
576,-0.5235545558414993,0.17818598855327258,-0.6278174577386619,0.21367071127546994,False
577,0.02582943131920644,-0.1509633156084352,-0.11971115743717936,0.6996667103778579,False
578,-0.0332303625938974,0.11378440714086735,-0.2029823924102154,0.6950339802994735,False
579,0.23291424652324075,-0.27154814949544576,-0.28392194313728186,0.33101658404732653,False
580,-0.22273461924024432,-0.2988184039837213,0.23185642864689854,0.3110561267842351,False
581,-0.34023724627870544,-0.19872051513298467,-0.4403981912878289,-0.2572209726993358,False
582,0.06880363576979118,-0.0448594725924351,0.26358227240200066,-0.17185373407055923,False
583,0.08087707641550677,0.060719873466154324,0.558475315231746,0.41928506788037784,False
584,0.039179876847704444,0.1065317939501155,-0.0996076601683621,-0.27083757231183847,False
585,-0.31916564384854207,0.17184219391019653,-0.494307625886969,0.26614050896802194,False
586,0.10840128992080866,0.27556421134304526,-0.0923731330531491,-0.23481943413840264,False
587,0.0012417112351795364,0.026236172430352398,0.021815904644223987,0.4609492285758605,False
588,-0.007073490856205488,-0.04438948464953276,0.07193173337447356,0.4514054855445648,True
589,-0.06002420919092365,0.019581787869910022,-0.3372314187439516,0.11001551197298239,False
590,0.4731182466453441,0.6908589431904797,0.4743267228381457,0.692623589959759,False
591,0.007487842451651516,0.05911138238977859,0.04052784126886031,0.31993952038179785,True
592,-0.4857464687374981,-0.024258875498670677,0.5265166579694082,0.02629499723766089,False
593,-0.20762760713098738,-0.014309304115770152,0.26243981245020526,0.018086858199288108,False
594,-0.21964238467946293,0.8351904517483687,0.16017143183917665,-0.6090520766753137,False
595,0.03846547824225555,0.6609430260605115,0.01753609408003815,0.3013184709038625,True
596,0.1858442238832284,0.3766902249622793,0.17081715829189684,0.34623165810534906,False
597,-0.05046025497821898,0.10114632578150681,-0.26234299537982037,0.5258600078148121,False
598,-0.14602495329978532,-0.2923612707503498,0.25317017659999164,0.506880179546497,False
599,0.07121181014932393,0.053546463598381666,0.634364433622803,0.4769991379500681,False
600,0.009520453953174997,0.02540847809428334,-0.19180867310014504,-0.5119048411691852,False
601,0.2323934692793841,0.017962550179753248,0.2233316962943776,0.01726213225292663,False
602,0.24936524167593815,0.5795931565644954,0.11068872676543504,0.25727093363498965,True
603,-0.2616087385409604,-0.2383467834567644,-0.49719690317612036,-0.45298671320238837,False
604,0.10527278989735503,-0.09442825781489979,0.22000809274793373,-0.19734426078783193,False
605,-0.3055379116560425,0.2267523009763491,0.5283483244563684,-0.3921091089420977,False
606,-0.08361873445857147,0.19174676312219718,-0.1320974964597316,0.3029137851308753,True
607,0.1107623473930064,-0.2888288957545909,0.24234092301637525,-0.6319391276767715,False
608,0.1082900856977184,-0.08139717536378915,-0.2188110637497586,0.16447122017515964,False
609,-0.05242268450456252,0.28898002258548044,-0.045952476612766295,0.25331300475961355,False
610,0.26020364630397186,0.1775336088010474,0.22112340956047496,0.15086966476942837,False
611,-0.030333947532543017,0.0915850662834997,-0.22940980853903317,0.6926402341334482,False
612,-0.05579799669767962,-0.030845185867058762,-0.474333366192661,-0.2622119378663769,False
613,-0.21469920721531133,-0.2816681877077488,-0.44295191619677665,-0.5811174856910373,False
614,-0.15242586674280678,-0.4635100540495266,-0.16615505354295756,-0.5052589792928482,False
615,0.08736936477318814,0.6120638021514745,0.0951543372462167,0.6666012234072678,True
616,0.2848272219450635,0.13489074556192912,-0.4634345882256371,-0.21947704541035445,False
617,-0.11001159111088303,0.0025570570618651373,-0.2629212102221504,0.006111215468514112,False
618,0.00608717870712159,-0.003753643738434653,-0.2710878048953488,0.16716562637153,False
619,-0.23142086258287844,0.047523877962518626,0.19736716336529886,-0.040530714823611966,False
620,-0.1932705716639301,0.02842145121910469,0.7454558105868192,-0.10962318667651316,False
621,0.06839697516554913,-0.10666126669761526,-0.4711184438152374,0.7346829280142343,False
622,-0.021765137577441487,0.06603755630648919,0.10768062006992554,-0.3267135337731818,False
623,-0.004340762994534272,0.05685038669050581,0.01599435546802248,-0.20947591342061805,False
624,0.20461195190060708,-0.0018967894378996329,-0.311523609187688,0.0028878796476689422,False
625,0.018824923556276713,-0.0006518385657155208,-0.29266915225471934,0.010134067204288064,False
626,-0.09244941058772274,-0.3234412631819606,0.09906752026446268,0.3465952210072557,False
627,-0.588156247333299,0.38228039108426337,0.7357115357072387,-0.47818601752603385,False
628,-0.12824371378219282,0.10216822610928775,0.5895188062336425,-0.4696533569922192,False
629,-0.37158565085322437,-0.09972218334256605,0.345267847661998,0.09265929275735961,False
630,-0.03632813187440998,-0.3324855883998215,0.07706774805887505,0.7053463593610796,True
631,0.09715970149040835,0.21911712899104466,0.14428786054789533,0.32540179999046404,False
632,-0.1894395753269708,0.016712138301378212,-0.5329823127655398,0.04701907776003114,False
633,0.13298785377648478,-0.18424008246150186,-0.3675842417151239,0.5092476424122736,False
634,0.6708988544615924,-0.3287614682504243,-0.43588240370291,0.21359604070407096,False
635,0.22039203594971285,-0.059466241199490115,-0.690632540269161,0.18634666648859008,False
636,-0.030211047766391094,0.5948753883758613,0.010884965294863791,-0.2143321213918088,False
637,0.018908043217745016,0.3130698646681128,-0.04188489656143501,-0.6935090398894389,False
638,0.782951643908167,0.20508440535959263,0.3050461497965722,0.0799030294208067,False
639,-0.25884648822731987,-0.11538705315958005,-0.44072325013077235,-0.19646299797137823,False
640,0.036597033646158066,0.02408355341866309,0.6748664751227554,0.4441120272541542,False
641,-0.04324761935299584,0.3182605592433325,-0.04137577337496371,0.3044855871940416,True
642,0.1504365995599873,0.004387042854766251,0.3192383385506933,0.009309651216543268,False
643,0.37620087925223794,-0.04520173756080159,0.4619602999657814,-0.055506005951043276,False
644,0.016728798605683593,0.15242603861285017,-0.09067671100366861,-0.8262094713744482,False
645,0.47646399667718076,0.10522539922481154,-0.602839342191719,-0.13313495015978075,False
646,-0.22024789907641878,-0.014409952637580582,0.3439164495498596,0.022501098853064845,False
647,-0.18952960288054232,0.2684682060525565,0.4901491139614091,-0.6942949878199685,False
648,-0.26252382444118977,0.05640631760812199,0.49147863771004063,-0.10559994010177932,False
649,0.04614206025982919,0.38506952132065053,0.048502565814666006,0.4047686578342205,False
650,-0.03722890234196068,-0.12960441616805318,-0.23244678161420881,-0.8092134746421826,False
651,-0.0259968166345955,-0.06370760711443725,-0.24240490673369156,-0.594035676670153,False
652,0.17125072499938074,-0.04447502353183249,0.7363943146862238,-0.19124680771130106,False
653,-0.01188803442816399,-0.27821930160262476,0.022835505743007467,0.5344263173153911,False
654,0.5831596240427079,0.1895237627122571,0.8215522371506576,0.26700008853504265,False
655,0.06526660996901852,-0.24432729799098432,0.15425002296336665,-0.5774390816924087,False
656,0.19348297624964245,0.1751862010611401,-0.24785602647268934,-0.2244174476199689,False
657,0.029483917338530823,-0.3311533062876422,0.07827685041181755,-0.8791788934295064,False
658,0.0481640225388935,-0.1328867054352218,-0.16097526452033661,0.44413799826201805,False
659,-0.0019353571305947537,0.12611738616969356,-0.013128813045380432,0.8555380082667843,True
660,0.2240441815502211,-0.013545765429608399,0.6532556162445566,-0.03949599262964797,False
661,-0.3797271431149394,0.19896341478622023,0.2262810442294914,-0.11856315798753361,False
662,-0.04805782516546461,0.21379186766538835,-0.08951063984634024,0.3982004346385824,False
663,-0.10468399451598165,-0.48518497001610844,0.09378300783480752,0.43466153593713835,False
664,0.0021338789848498046,-0.505905330715945,-0.0031693567884129013,0.7513989807213509,True
665,0.46284358957569277,0.2405990644916065,0.26992315991553395,0.1403136204604926,False
666,0.2400457699574275,-0.13706002242676363,0.547950384734834,-0.31286571737477226,False
667,0.054939568057147364,-0.2000374469095093,-0.055186305553047536,0.2009358292682016,True
668,-0.24489451673659787,-0.2518730216244439,-0.16904771763060958,-0.17386489499940008,False
669,0.1455220891401789,0.27384810592798225,0.20744613382364582,0.39037874707093634,True
670,-0.19960697048377357,0.07698929725478486,-0.6211914670983835,0.2395963146811105,False
671,0.19030050045090816,-0.05636644993570603,0.2816773644483974,-0.08343200897308227,False
672,-0.024006588213895848,0.0002913393207374388,0.5524498324565887,-0.0067044245311064544,False
673,0.004156231539216003,-0.013086301518438006,-0.1197442334492974,0.3770264310893813,False
674,-0.3007655749154726,0.38574793069411184,-0.26430460119148613,0.33898478245458036,False
675,-0.037249617265413607,0.10681757480436624,0.15069906887777906,-0.4321469653796123,False
676,-0.5411499404942552,-0.4051448704324993,0.658751711014369,0.4931902540030622,False
677,-0.07064757493675536,-0.050160947035842875,0.22105381063624333,0.1569518627825825,False
678,-0.1805807177850168,-0.3356008651545584,0.2492577552245771,0.46323394505186727,False
679,0.00858675010245632,0.0225924860857185,0.22757796069073744,0.5987774011090515,False
680,-0.18485222777618665,-0.416811978839667,-0.3154511627237195,-0.7112915269884864,False
681,0.08019751241609104,-0.04706136808930071,0.5522510959501354,-0.32407105060049735,False
682,0.33827259745320104,-0.18734039880191763,-0.2736715316292332,0.15156336712507484,False
683,0.07455493791064094,0.01294463216017277,-0.5694802928763675,-0.09887625314083855,False
684,-0.1518478944211184,0.09467741151282587,-0.4244231891646745,0.26462855536666097,False
685,-0.47458462913678456,-0.1343192671276997,0.6340438194376724,0.17945018849139696,False
686,0.2139381496908711,0.13063298873546988,-0.6815694732016976,-0.4161738214705926,False
687,-0.11426979600004662,0.1707566296801419,-0.21433665614624842,0.3202894054385983,False
688,-0.012786084380807838,-0.11255249109906285,-0.04340584831980515,-0.38209010758565587,False
689,-0.17685902704717602,-0.17052783039891029,-0.3741682435223941,-0.36077377466870897,False
690,0.03218335569499238,-0.0695085080277954,-0.1608394133782031,0.34737544965593065,False
691,-0.44427338426466323,-0.4262319750408495,0.5988013926481408,0.574484786362046,False
692,0.40934576068040945,0.05610487462405178,-0.8711796368427706,-0.11940376326078754,False
693,0.17523847798383063,0.0692081089121145,-0.7564473172320091,-0.2987488188644294,False
694,0.09593599599000696,0.17047931108151154,0.2728704246029617,0.4848937202432131,False
695,-0.11088285360089227,-0.15740146995190973,-0.15530939662627496,-0.22046625364016728,False
696,0.20661259883449595,-0.029111236857515405,-0.8677300049450444,0.12226114885938255,False
697,0.10051393331633314,0.3081908036933122,0.24840055438595776,0.7616333772666398,False
698,0.9115708213331345,-0.49396789866119295,-0.2718069121961089,0.14728848940419564,False
699,0.06234939688662213,-0.15019219208687856,-0.3148345665839836,0.7583985741827854,False
700,-0.05646266957467267,-0.0412682381108108,0.672449047589705,0.49148911346848534,False
701,0.36713433524042044,-0.3701057156833523,-0.5073496027992694,0.5114558073755856,False
702,0.21386527712687184,0.3092483745460309,-0.2687425542686292,-0.38860070786348166,False
703,0.16059545345887022,0.19991529821179352,-0.29090765660295276,-0.36213286036000875,False
704,0.012180988419241616,0.00951939744058537,-0.21467045140333854,-0.16776416455910861,False
705,-0.3595723560762447,0.13393968525599825,-0.3197775424304311,0.11911622976930568,False
706,-3.63246750955467e-05,0.35405649953304086,-3.965717155082519e-05,0.38653833251733155,True
707,0.2678992803092515,-0.09899944098705933,-0.7066969738702206,0.26115264393258714,False
708,-0.27702419810136203,-0.19367128854915136,0.2086915708495933,0.14589904316228228,False
709,-0.39472907684038655,0.4296683320174452,0.5705248513152561,-0.6210245852708005,False
710,-0.033734438528956474,-0.3193316872597493,0.05995119314652826,0.5675006460914763,True
711,-0.33099005961691275,-0.14181300012805126,-0.7304890015774479,-0.3129786948712019,False
712,-0.4306511083542221,0.42082506509987166,-0.5961121250116307,0.5825108050308421,True
713,0.04507088332955075,-0.028316323996319785,0.39931424930151244,-0.25087397504267067,False
714,0.24877129359188374,-0.051257252408912914,0.6678428704996063,-0.1376034593398444,False
