replicate,anchor_rows,d1_correlation_before,d1_correlation_after,determinant,rotation_degrees,alignment_rmse_2d,alignment_rmse_d1
1,1846.0,0.9990226277535236,0.9990226277535236,1.0,0.0,,0.04020779585579091
2,1846.0,0.9983557632382215,0.9983557632382215,1.0,0.0,,0.043723884943148834
3,1846.0,0.9979608465714099,0.9979608465714099,1.0,0.0,,0.04773897265093835
4,1846.0,0.9984438133299173,0.9984438133299173,1.0,0.0,,0.054601152317258
5,1846.0,0.9986937702394059,0.9986937702394059,1.0,0.0,,0.048457232728688585
6,1846.0,0.9985249676392567,0.9985249676392567,1.0,0.0,,0.05014381409732633
7,1846.0,0.9977579016782397,0.9977579016782397,1.0,0.0,,0.05935233132026946
8,1846.0,0.9985611459179705,0.9985611459179705,1.0,0.0,,0.05051058360909224
9,1846.0,0.9986545788803015,0.9986545788803015,1.0,0.0,,0.047267785846231695
10,1846.0,0.9987189751937493,0.9987189751937493,1.0,0.0,,0.05923561489325
11,1846.0,0.9983208548436201,0.9983208548436201,1.0,0.0,,0.047875555061331794
12,1846.0,0.9990412301804159,0.9990412301804162,1.0,0.0,,0.0497619455090002
13,1846.0,0.9982222311741656,0.9982222311741656,1.0,0.0,,0.04252131796058381
14,1846.0,0.9990001771709484,0.9990001771709484,1.0,0.0,,0.04802843100629182
15,1846.0,0.9986595096994708,0.9986595096994708,1.0,0.0,,0.05408418121192672
16,1846.0,0.9989394737589308,0.9989394737589308,1.0,0.0,,0.04560541478436564
17,1846.0,0.9980449317044294,0.9980449317044294,1.0,0.0,,0.05177599675636626
18,1846.0,0.998493954493305,0.998493954493305,1.0,0.0,,0.04097752289350718
19,1846.0,0.9972338971661227,0.9972338971661227,1.0,0.0,,0.06355616134358927
20,1846.0,0.9975514769699739,0.9975514769699739,1.0,0.0,,0.0594691296851302
21,1846.0,0.9978686009636157,0.9978686009636157,1.0,0.0,,0.05406201076518643
22,1846.0,0.9980941228914493,0.9980941228914493,1.0,0.0,,0.04556166835316864
23,1846.0,0.9975214058720484,0.9975214058720484,1.0,0.0,,0.05650453742545969
24,1846.0,0.9970819471472856,0.9970819471472856,1.0,0.0,,0.0680267441518547
25,1846.0,0.9979708931229065,0.9979708931229065,1.0,0.0,,0.059016487986182385
26,1846.0,0.9986216150664681,0.9986216150664681,1.0,0.0,,0.047960324001348545
27,1846.0,0.9986021551445852,0.9986021551445852,1.0,0.0,,0.04828802666892021
28,1846.0,0.9973468865537356,0.9973468865537356,1.0,0.0,,0.05756878995970094
29,1846.0,0.9981503039070241,0.9981503039070241,1.0,0.0,,0.055952927511835074
30,1846.0,0.9986256249161245,0.9986256249161245,1.0,0.0,,0.041176843486193805
31,1846.0,0.9984389103466443,0.9984389103466443,1.0,0.0,,0.04947571790210674
32,1846.0,0.9973024441985056,0.9973024441985056,1.0,0.0,,0.057369096819711286
33,1846.0,0.9987425594039739,0.9987425594039739,1.0,0.0,,0.04144275542510289
34,1846.0,0.9986908837154298,0.9986908837154301,1.0,0.0,,0.046086615485802014
35,1846.0,0.9976113156433558,0.9976113156433558,1.0,0.0,,0.06295332166416648
36,1846.0,0.9979146859982678,0.9979146859982678,1.0,0.0,,0.05234611518414016
37,1846.0,0.9985659638858944,0.9985659638858944,1.0,0.0,,0.049427643359163186
38,1846.0,0.9985582032022233,0.9985582032022233,1.0,0.0,,0.05018982299769606
39,1846.0,0.998217840650179,0.998217840650179,1.0,0.0,,0.04410532236622656
40,1846.0,0.998609460142205,0.998609460142205,1.0,0.0,,0.050046986648129885
41,1846.0,0.9984303780198506,0.9984303780198506,1.0,0.0,,0.04357738246654696
42,1846.0,0.9977613403910416,0.9977613403910414,1.0,0.0,,0.060173315674570384
43,1846.0,0.9981106133733387,0.9981106133733387,1.0,0.0,,0.048563638318835145
44,1846.0,0.9990634690434538,0.9990634690434538,1.0,0.0,,0.04320761472491637
45,1846.0,0.997690293921944,0.997690293921944,1.0,0.0,,0.054125690369818055
46,1846.0,0.9982615170204469,0.9982615170204469,1.0,0.0,,0.052329328489725976
47,1846.0,0.9984708537923257,0.9984708537923257,1.0,0.0,,0.05343938227095556
48,1846.0,0.9952929986677482,0.9952929986677482,1.0,0.0,,0.07919517320577717
49,1846.0,0.9989024890802636,0.9989024890802638,1.0,0.0,,0.048113914206043995
50,1846.0,0.998786450201109,0.998786450201109,1.0,0.0,,0.044859718583961025
51,1846.0,0.9953553161558681,0.9953553161558684,1.0,0.0,,0.06730329041980249
52,1846.0,0.9981643572464531,0.998164357246453,1.0,0.0,,0.05984688365856792
53,1846.0,0.9977750841319522,0.9977750841319522,1.0,0.0,,0.053560698946393065
54,1846.0,0.9984908803708888,0.9984908803708888,1.0,0.0,,0.05070185864570832
55,1846.0,0.9982487505610529,0.9982487505610529,1.0,0.0,,0.04877148416670913
56,1846.0,0.9975152787396762,0.9975152787396762,1.0,0.0,,0.05865708266765277
57,1846.0,0.9987613101792252,0.9987613101792252,1.0,0.0,,0.045295767508302595
58,1846.0,0.9983180826905614,0.9983180826905614,1.0,0.0,,0.05375658855702553
59,1846.0,0.998903075154025,0.998903075154025,1.0,0.0,,0.05324181028890253
60,1846.0,0.9980377901710192,0.9980377901710192,1.0,0.0,,0.051792401018670955
61,1846.0,0.9981271194828252,0.9981271194828252,1.0,0.0,,0.049751476723542826
62,1846.0,0.9988531590153349,0.9988531590153349,1.0,0.0,,0.053823380796329874
63,1846.0,0.9971297667254242,0.9971297667254242,1.0,0.0,,0.057117441733815305
64,1846.0,0.9979538744543203,0.9979538744543203,1.0,0.0,,0.06000232287525714
65,1846.0,0.9980492994237213,0.9980492994237213,1.0,0.0,,0.051248004158267906
66,1846.0,0.9982447493051618,0.9982447493051618,1.0,0.0,,0.0557852644738477
67,1846.0,0.9991979611207481,0.9991979611207481,1.0,0.0,,0.03967086471516943
68,1846.0,0.9966359026197125,0.9966359026197125,1.0,0.0,,0.06518035774669273
69,1846.0,0.9983280480841965,0.9983280480841965,1.0,0.0,,0.05265980365540583
70,1846.0,0.9990113369542251,0.9990113369542251,1.0,0.0,,0.03940288372449949
71,1846.0,0.9980372314096567,0.9980372314096567,1.0,0.0,,0.0528026273584917
72,1846.0,0.9984776243877402,0.9984776243877402,1.0,0.0,,0.04623274077605044
73,1846.0,0.997240983693667,0.9972409836936668,1.0,0.0,,0.05869387780051146
74,1846.0,0.9975509104173469,0.9975509104173469,1.0,0.0,,0.0510327874448289
75,1846.0,0.9987030174795164,0.9987030174795164,1.0,0.0,,0.04389190509915569
76,1846.0,0.9988557344811764,0.9988557344811764,1.0,0.0,,0.04374097505423654
77,1846.0,0.9987612855714681,0.9987612855714681,1.0,0.0,,0.03719908888102814
78,1846.0,0.997081138569618,0.997081138569618,1.0,0.0,,0.05954072649850587
79,1846.0,0.9986194286910817,0.9986194286910817,1.0,0.0,,0.042659785587202605
80,1846.0,0.9982212688360217,0.9982212688360217,1.0,0.0,,0.0514036152725163
81,1846.0,0.9986670237906766,0.9986670237906766,1.0,0.0,,0.04795144935941517
82,1846.0,0.9985980740456275,0.9985980740456275,1.0,0.0,,0.04759115216183749
83,1846.0,0.998844776530369,0.998844776530369,1.0,0.0,,0.048988758458493056
84,1846.0,0.9949974745205603,0.9949974745205604,1.0,0.0,,0.07467612845656608
85,1846.0,0.9984820114450632,0.9984820114450632,1.0,0.0,,0.045892070427938636
86,1846.0,0.9980870603326223,0.9980870603326223,1.0,0.0,,0.049803331302909
87,1846.0,0.9986891223138533,0.9986891223138533,1.0,0.0,,0.04540879051536016
88,1846.0,0.9985133250706945,0.9985133250706945,1.0,0.0,,0.05113816151374212
89,1846.0,0.9986197077526383,0.9986197077526383,1.0,0.0,,0.0458509899506916
90,1846.0,0.9977457515922818,0.9977457515922818,1.0,0.0,,0.06444577879039742
91,1846.0,0.9975190415407343,0.9975190415407343,1.0,0.0,,0.05756412341863416
92,1846.0,0.9961021413348936,0.9961021413348936,1.0,0.0,,0.07256560490643872
93,1846.0,0.9985636809505122,0.998563680950512,1.0,0.0,,0.040091231418914755
94,1846.0,0.9960465453830475,0.9960465453830475,1.0,0.0,,0.05988849199006436
95,1846.0,0.9987578231088073,0.9987578231088073,1.0,0.0,,0.04613927488841255
96,1846.0,0.9974126187851664,0.9974126187851664,1.0,0.0,,0.05197067082415113
97,1846.0,0.9990908722071117,0.9990908722071117,1.0,0.0,,0.042298668504446545
98,1846.0,0.9982707916721746,0.9982707916721746,1.0,0.0,,0.05381789636018352
99,1846.0,0.9985441860256516,0.9985441860256516,1.0,0.0,,0.043137338599095944
100,1846.0,0.9989835679519746,0.9989835679519746,1.0,0.0,,0.039259564071712
101,1846.0,0.9982567326386187,0.9982567326386187,1.0,0.0,,0.047502590364369525
102,1846.0,0.9978401751636634,0.9978401751636634,1.0,0.0,,0.060003778799699536
103,1846.0,0.9979185912836792,0.9979185912836792,1.0,0.0,,0.05114186188413654
104,1846.0,0.9978864055956735,0.9978864055956735,1.0,0.0,,0.054131621712477124
105,1846.0,0.9986600768099522,0.9986600768099522,1.0,0.0,,0.04842063243702408
106,1846.0,0.9981457608235442,0.9981457608235442,1.0,0.0,,0.04647555625027729
107,1846.0,0.9980992340148525,0.9980992340148525,1.0,0.0,,0.052892242572675476
108,1846.0,0.9981714791617416,0.9981714791617416,1.0,0.0,,0.052632804104749284
109,1846.0,0.9978783097174059,0.9978783097174059,1.0,0.0,,0.047207322044653006
110,1846.0,0.9976238780144295,0.9976238780144295,1.0,0.0,,0.05959088515750829
111,1846.0,0.998202154016276,0.998202154016276,1.0,0.0,,0.049077752751488936
112,1846.0,0.99745981523639,0.99745981523639,1.0,0.0,,0.052882468681522694
113,1846.0,0.9981926842272003,0.9981926842272003,1.0,0.0,,0.04597944597379485
114,1846.0,0.9970850017221936,0.9970850017221936,1.0,0.0,,0.06020966126182852
115,1846.0,0.9983850509449013,0.9983850509449013,1.0,0.0,,0.0511471971593959
116,1846.0,0.9952948154829296,0.9952948154829296,1.0,0.0,,0.06926526593196773
117,1846.0,0.9981227918726086,0.9981227918726086,1.0,0.0,,0.04740923061325567
118,1846.0,0.998053027555133,0.998053027555133,1.0,0.0,,0.051566866944329166
119,1846.0,0.9984472776167664,0.9984472776167664,1.0,0.0,,0.053143175069999354
120,1846.0,0.9973869995081087,0.9973869995081087,1.0,0.0,,0.05783721310711138
121,1846.0,0.9982755078797784,0.9982755078797784,1.0,0.0,,0.050746607495149705
122,1846.0,0.9987490570960001,0.9987490570960001,1.0,0.0,,0.044778806574409864
123,1846.0,0.9985879944361951,0.9985879944361951,1.0,0.0,,0.04314319126352168
124,1846.0,0.9981040674898294,0.9981040674898294,1.0,0.0,,0.04487103974728488
125,1846.0,0.9980628053409643,0.9980628053409643,1.0,0.0,,0.049120019772350504
126,1846.0,0.9974177907377532,0.9974177907377532,1.0,0.0,,0.0566348537634978
127,1846.0,0.9988008644274053,0.9988008644274053,1.0,0.0,,0.04500405467851811
128,1846.0,0.99873445840139,0.99873445840139,1.0,0.0,,0.05058837582750649
129,1846.0,0.9989473533398081,0.9989473533398081,1.0,0.0,,0.03870131720643449
130,1846.0,0.9986709015338053,0.9986709015338053,1.0,0.0,,0.040799986002928446
131,1846.0,0.9988532151538376,0.9988532151538376,1.0,0.0,,0.034477816679584404
132,1846.0,0.9986117721079968,0.9986117721079968,1.0,0.0,,0.03879183620029569
133,1846.0,0.996250204918166,0.996250204918166,1.0,0.0,,0.06105253056003559
134,1846.0,0.9967048623923878,0.9967048623923878,1.0,0.0,,0.0680339541441753
135,1846.0,0.9975890707318743,0.9975890707318743,1.0,0.0,,0.05661163484819813
136,1846.0,0.9983323168236822,0.9983323168236822,1.0,0.0,,0.04617836510855954
137,1846.0,0.9975390006601812,0.9975390006601812,1.0,0.0,,0.05400647000625766
138,1846.0,0.9981405482773938,0.9981405482773938,1.0,0.0,,0.0533967443853985
139,1846.0,0.9960192933271531,0.9960192933271531,1.0,0.0,,0.063408304706115
140,1846.0,0.9984983305224814,0.9984983305224814,1.0,0.0,,0.05016998795234528
141,1846.0,0.9976835755252765,0.9976835755252765,1.0,0.0,,0.054166728269406134
142,1846.0,0.9982916862652743,0.9982916862652743,1.0,0.0,,0.050317985664873256
143,1846.0,0.9988265955534251,0.9988265955534251,1.0,0.0,,0.037339065600635865
144,1846.0,0.9983186745529811,0.9983186745529811,1.0,0.0,,0.05283330771692597
145,1846.0,0.9976752731253046,0.9976752731253046,1.0,0.0,,0.04930685889666513
146,1846.0,0.9986739432478617,0.9986739432478617,1.0,0.0,,0.04508496564823581
147,1846.0,0.9972181408277077,0.9972181408277077,1.0,0.0,,0.05593266813469394
148,1846.0,0.9987331448443622,0.9987331448443622,1.0,0.0,,0.047538615511925245
149,1846.0,0.9987412861558113,0.9987412861558113,1.0,0.0,,0.04151868756214297
150,1846.0,0.9972497212078701,0.9972497212078701,1.0,0.0,,0.05414675364613586
151,1846.0,0.9976754764531496,0.9976754764531496,1.0,0.0,,0.058319638855154385
152,1846.0,0.9986037641000988,0.9986037641000988,1.0,0.0,,0.04949033702029437
153,1846.0,0.998099431371345,0.998099431371345,1.0,0.0,,0.04935856141618558
154,1846.0,0.9956964217612504,0.9956964217612504,1.0,0.0,,0.06726097778674789
155,1846.0,0.9987389394710833,0.9987389394710833,1.0,0.0,,0.05089290245325936
156,1846.0,0.9987581508881166,0.9987581508881166,1.0,0.0,,0.049840507604986005
157,1846.0,0.9987189884556579,0.9987189884556579,1.0,0.0,,0.04209300562772414
158,1846.0,0.9983134718332174,0.9983134718332174,1.0,0.0,,0.05796630042522661
159,1846.0,0.9988888939769502,0.9988888939769502,1.0,0.0,,0.044159891836927694
160,1846.0,0.997509849583667,0.997509849583667,1.0,0.0,,0.06218893731001511
161,1846.0,0.9990159654007081,0.9990159654007081,1.0,0.0,,0.05586964688430937
162,1846.0,0.9984969293297365,0.9984969293297365,1.0,0.0,,0.0480552020036392
163,1846.0,0.9984131292290196,0.9984131292290196,1.0,0.0,,0.05136629442033473
164,1846.0,0.9981134891563086,0.9981134891563086,1.0,0.0,,0.05458607616677114
165,1846.0,0.9990840876262828,0.9990840876262828,1.0,0.0,,0.041378193057520364
166,1846.0,0.9961947468266137,0.9961947468266137,1.0,0.0,,0.06603897239400275
167,1846.0,0.9984593514082504,0.9984593514082504,1.0,0.0,,0.04767366799470217
168,1846.0,0.998750874283611,0.998750874283611,1.0,0.0,,0.04687893457388106
169,1846.0,0.997930453773486,0.997930453773486,1.0,0.0,,0.04929143666933153
170,1846.0,0.9982900698254299,0.9982900698254299,1.0,0.0,,0.047120389836368695
171,1846.0,0.9975895128636781,0.9975895128636781,1.0,0.0,,0.05559635267336572
172,1846.0,0.9987987327662334,0.9987987327662334,1.0,0.0,,0.0507538061770607
173,1846.0,0.997958041448931,0.997958041448931,1.0,0.0,,0.06103840442597233
174,1846.0,0.9984429772469204,0.9984429772469204,1.0,0.0,,0.049009358288370705
175,1846.0,0.9991304943066243,0.9991304943066243,1.0,0.0,,0.03454205887017756
176,1846.0,0.9974059709715805,0.9974059709715805,1.0,0.0,,0.05383943083560589
177,1846.0,0.9985057718315399,0.9985057718315399,1.0,0.0,,0.050098464271746114
178,1846.0,0.9972823977613196,0.9972823977613196,1.0,0.0,,0.06050649262371768
179,1846.0,0.9979471588086308,0.9979471588086308,1.0,0.0,,0.0484019456052842
180,1846.0,0.9983747287505087,0.9983747287505087,1.0,0.0,,0.049810521105776884
181,1846.0,0.9971780791305198,0.9971780791305198,1.0,0.0,,0.05497447902407996
182,1846.0,0.9988399388791462,0.9988399388791462,1.0,0.0,,0.04723810937990076
183,1846.0,0.9976611985044007,0.9976611985044007,1.0,0.0,,0.05679965215114281
184,1846.0,0.998443624663906,0.998443624663906,1.0,0.0,,0.04662771089965383
185,1846.0,0.9950640981138013,0.9950640981138013,1.0,0.0,,0.08321999712423217
186,1846.0,0.9981088492443345,0.9981088492443345,1.0,0.0,,0.04654310310830217
187,1846.0,0.9978904564598695,0.9978904564598695,1.0,0.0,,0.04811987723058623
188,1846.0,0.9985306114033545,0.9985306114033545,1.0,0.0,,0.05150485920208661
189,1846.0,0.9989531690105824,0.9989531690105824,1.0,0.0,,0.04622417679881378
190,1846.0,0.9987733427088984,0.9987733427088986,1.0,0.0,,0.04633187822433377
191,1846.0,0.998636903862477,0.998636903862477,1.0,0.0,,0.05389073424774092
192,1846.0,0.9984884887529372,0.9984884887529372,1.0,0.0,,0.057463640893244954
193,1846.0,0.9990534219371003,0.9990534219371003,1.0,0.0,,0.04355069786136374
194,1846.0,0.9969061053303777,0.9969061053303777,1.0,0.0,,0.05979944217186861
195,1846.0,0.9973095250766363,0.9973095250766363,1.0,0.0,,0.0580794247085284
196,1846.0,0.9971468192823824,0.9971468192823824,1.0,0.0,,0.061357603622444246
197,1846.0,0.9985979214838117,0.9985979214838117,1.0,0.0,,0.04738042208380027
198,1846.0,0.9977214895775183,0.9977214895775183,1.0,0.0,,0.04966667192230958
199,1846.0,0.9982034243419728,0.9982034243419728,1.0,0.0,,0.051914470516458824
200,1846.0,0.996426024940286,0.9964260249402862,1.0,0.0,,0.06265261223697677
201,1846.0,0.9986599326974016,0.9986599326974016,1.0,0.0,,0.03987692645535576
202,1846.0,0.9981308343205739,0.9981308343205739,1.0,0.0,,0.05647018289445501
203,1846.0,0.9974409035898884,0.9974409035898881,1.0,0.0,,0.05108912019014219
204,1846.0,0.9981304722699542,0.9981304722699542,1.0,0.0,,0.05033465177497769
205,1846.0,0.9990131527546021,0.9990131527546021,1.0,0.0,,0.04914734072241404
206,1846.0,0.9986260907606966,0.9986260907606966,1.0,0.0,,0.04850480362255727
207,1846.0,0.9985641141532186,0.9985641141532186,1.0,0.0,,0.04600935577267611
208,1846.0,0.9927242748548604,0.9927242748548604,1.0,0.0,,0.09064434624186236
209,1846.0,0.9972417766402535,0.9972417766402535,1.0,0.0,,0.058598424320044626
210,1846.0,0.9983057470434364,0.9983057470434364,1.0,0.0,,0.057996110175136346
211,1846.0,0.9975840900725778,0.9975840900725778,1.0,0.0,,0.051632606299024816
212,1846.0,0.9978023433537341,0.9978023433537341,1.0,0.0,,0.05217912750459904
213,1846.0,0.9941677791981138,0.9941677791981138,1.0,0.0,,0.07580999897642524
214,1846.0,0.9976467681443769,0.9976467681443769,1.0,0.0,,0.05679219879057082
215,1846.0,0.998031141513991,0.998031141513991,1.0,0.0,,0.056346328988190635
216,1846.0,0.9985219235697594,0.9985219235697594,1.0,0.0,,0.050367192517281126
217,1846.0,0.9971115619959707,0.9971115619959707,1.0,0.0,,0.057739556631825346
218,1846.0,0.9978497536872306,0.9978497536872306,1.0,0.0,,0.05428697568889757
219,1846.0,0.9985824104293674,0.9985824104293674,1.0,0.0,,0.050836600398690354
220,1846.0,0.9985998636980327,0.9985998636980327,1.0,0.0,,0.04604360135743146
221,1846.0,0.9977607041432659,0.9977607041432659,1.0,0.0,,0.056713194495262215
222,1846.0,0.9988660622404287,0.9988660622404287,1.0,0.0,,0.042322586495497076
223,1846.0,0.9967528248020973,0.9967528248020973,1.0,0.0,,0.06287730782388622
224,1846.0,0.9982053788040894,0.9982053788040894,1.0,0.0,,0.054276652749951367
225,1846.0,0.9983260326660502,0.9983260326660501,1.0,0.0,,0.04748727207960163
226,1846.0,0.9969335719627302,0.9969335719627302,1.0,0.0,,0.05893218758342171
227,1846.0,0.9979635931188857,0.9979635931188857,1.0,0.0,,0.052470961685800975
228,1846.0,0.9981064813506988,0.9981064813506988,1.0,0.0,,0.05525912245885726
229,1846.0,0.9981442693463679,0.9981442693463679,1.0,0.0,,0.049919037403797904
230,1846.0,0.9982473123717218,0.9982473123717218,1.0,0.0,,0.0461776273571212
231,1846.0,0.9979574784382423,0.9979574784382423,1.0,0.0,,0.048615087946810645
232,1846.0,0.9980583831218517,0.9980583831218517,1.0,0.0,,0.05545562280398604
233,1846.0,0.9975858792342968,0.9975858792342968,1.0,0.0,,0.05320277186716946
234,1846.0,0.9972323646201188,0.997232364620119,1.0,0.0,,0.05565145319172173
235,1846.0,0.9984849270287957,0.9984849270287957,1.0,0.0,,0.04263079423687092
236,1846.0,0.9970525073689982,0.9970525073689982,1.0,0.0,,0.061251078291957126
237,1846.0,0.9956963420044254,0.9956963420044254,1.0,0.0,,0.06858595979049616
238,1846.0,0.9976684746134288,0.9976684746134288,1.0,0.0,,0.05244442603561365
239,1846.0,0.9975224235029317,0.9975224235029317,1.0,0.0,,0.05531629969119302
240,1846.0,0.9984437539359851,0.9984437539359851,1.0,0.0,,0.047761087206536226
241,1846.0,0.9974801868411175,0.9974801868411175,1.0,0.0,,0.05998989723248815
242,1846.0,0.9955664082856363,0.9955664082856363,1.0,0.0,,0.08111252481234212
243,1846.0,0.9984949957979907,0.9984949957979907,1.0,0.0,,0.0488751659454346
244,1846.0,0.9944360524340503,0.9944360524340503,1.0,0.0,,0.07460306881412013
245,1846.0,0.9972406581356714,0.9972406581356714,1.0,0.0,,0.06268433674901065
246,1846.0,0.9976558952544579,0.9976558952544579,1.0,0.0,,0.05137718390552714
247,1846.0,0.997715413150316,0.997715413150316,1.0,0.0,,0.048574488595992935
248,1846.0,0.9964303416009938,0.9964303416009938,1.0,0.0,,0.06673272678560926
249,1846.0,0.9974847129503541,0.9974847129503541,1.0,0.0,,0.0573118743158433
250,1846.0,0.9977060687523065,0.9977060687523065,1.0,0.0,,0.05272189938360382
251,1846.0,0.9962600235978536,0.9962600235978536,1.0,0.0,,0.062297046323023256
252,1846.0,0.9971927883919317,0.9971927883919317,1.0,0.0,,0.05464293258335907
253,1846.0,0.9986281781105905,0.9986281781105905,1.0,0.0,,0.051144202581502096
254,1846.0,0.9988906566779324,0.9988906566779324,1.0,0.0,,0.05242227880374354
255,1846.0,0.99836816867757,0.99836816867757,1.0,0.0,,0.05044141837284224
256,1846.0,0.9973447180680274,0.9973447180680274,1.0,0.0,,0.06269430015632521
257,1846.0,0.9974125030048387,0.9974125030048387,1.0,0.0,,0.060647529500471274
258,1846.0,0.9990579185855539,0.9990579185855539,1.0,0.0,,0.03804077786224888
259,1846.0,0.9986787407825449,0.9986787407825449,1.0,0.0,,0.0429240113311565
260,1846.0,0.9990871369962346,0.9990871369962346,1.0,0.0,,0.049252489462655084
261,1846.0,0.998292525214519,0.998292525214519,1.0,0.0,,0.05756693791821331
262,1846.0,0.99884455049227,0.99884455049227,1.0,0.0,,0.03568978311221557
263,1846.0,0.9989267693235174,0.9989267693235174,1.0,0.0,,0.04355882884181329
264,1846.0,0.9973157093924397,0.9973157093924397,1.0,0.0,,0.060909161620736986
265,1846.0,0.9985268396363811,0.9985268396363813,1.0,0.0,,0.0424654816430378
266,1846.0,0.9979920252412033,0.9979920252412033,1.0,0.0,,0.04895920493735554
267,1846.0,0.9981991603967836,0.9981991603967836,1.0,0.0,,0.04808468842664179
268,1846.0,0.9981966387817968,0.9981966387817968,1.0,0.0,,0.04916522254733193
269,1846.0,0.9989247795259895,0.9989247795259895,1.0,0.0,,0.044209648376227074
270,1846.0,0.9978902487576733,0.9978902487576733,1.0,0.0,,0.05156614162523914
271,1846.0,0.9975218186642385,0.9975218186642385,1.0,0.0,,0.05293886199524443
272,1846.0,0.9980825032485658,0.9980825032485658,1.0,0.0,,0.049485216004742344
273,1846.0,0.9982373711446403,0.9982373711446403,1.0,0.0,,0.0537044252007088
274,1846.0,0.9974582661137473,0.9974582661137473,1.0,0.0,,0.05727663964455104
275,1846.0,0.9984021584132367,0.9984021584132367,1.0,0.0,,0.04470216219920954
276,1846.0,0.9988784733617059,0.9988784733617058,1.0,0.0,,0.04953506508578985
277,1846.0,0.9980707404481314,0.9980707404481314,1.0,0.0,,0.05003151521692853
278,1846.0,0.997615305293094,0.997615305293094,1.0,0.0,,0.051655349576911105
279,1846.0,0.9969983271916943,0.9969983271916943,1.0,0.0,,0.06022043031976241
280,1846.0,0.9985333219406548,0.9985333219406548,1.0,0.0,,0.03984203038445809
281,1846.0,0.9966392595722154,0.9966392595722154,1.0,0.0,,0.05783279092075296
282,1846.0,0.9984713413068038,0.9984713413068038,1.0,0.0,,0.039292843625495476
283,1846.0,0.9981473422248878,0.9981473422248878,1.0,0.0,,0.05495671870300441
284,1846.0,0.9985380968661238,0.9985380968661238,1.0,0.0,,0.05615704185337101
285,1846.0,0.9982648684409253,0.9982648684409253,1.0,0.0,,0.05995423862409983
286,1846.0,0.9987651715767558,0.9987651715767558,1.0,0.0,,0.04120879299845664
287,1846.0,0.9986598806535323,0.9986598806535323,1.0,0.0,,0.04196809050239657
288,1846.0,0.9981355081719607,0.9981355081719607,1.0,0.0,,0.05871237650141255
289,1846.0,0.9974244229064995,0.9974244229064995,1.0,0.0,,0.05999912997443099
290,1846.0,0.9974510298000361,0.9974510298000361,1.0,0.0,,0.0541050931476484
291,1846.0,0.9978631841375202,0.9978631841375203,1.0,0.0,,0.051386780690889186
292,1846.0,0.9984547493072506,0.9984547493072506,1.0,0.0,,0.04594917507797759
293,1846.0,0.995976884073586,0.995976884073586,1.0,0.0,,0.06799203180107177
294,1846.0,0.9985576268585916,0.9985576268585916,1.0,0.0,,0.04201977266580883
295,1846.0,0.9972010889481289,0.9972010889481289,1.0,0.0,,0.06073151282134636
296,1846.0,0.9983895016163896,0.9983895016163896,1.0,0.0,,0.04788923957196615
297,1846.0,0.9986636074997146,0.9986636074997146,1.0,0.0,,0.048924997013388025
298,1846.0,0.9978099658999582,0.9978099658999582,1.0,0.0,,0.056553352622223885
299,1846.0,0.9966880762050753,0.9966880762050753,1.0,0.0,,0.05753082243635589
300,1846.0,0.9969911337018,0.9969911337018,1.0,0.0,,0.05571595196822577
301,1846.0,0.9980557793121834,0.9980557793121834,1.0,0.0,,0.051457745389945936
302,1846.0,0.9988731882087879,0.9988731882087879,1.0,0.0,,0.04640984559709335
303,1846.0,0.9983680674071334,0.9983680674071334,1.0,0.0,,0.04751280207473612
304,1846.0,0.9987438288872414,0.9987438288872414,1.0,0.0,,0.04845906647462929
305,1846.0,0.9987800330465609,0.9987800330465609,1.0,0.0,,0.04419617537729371
306,1846.0,0.997556167055422,0.997556167055422,1.0,0.0,,0.05728254387225455
307,1846.0,0.9985056870834483,0.9985056870834483,1.0,0.0,,0.0495591210980637
308,1846.0,0.9990641332449449,0.9990641332449449,1.0,0.0,,0.039611655038825674
309,1846.0,0.9980561566080096,0.9980561566080096,1.0,0.0,,0.054288048351368384
310,1846.0,0.997343065193185,0.997343065193185,1.0,0.0,,0.05764963109530492
311,1846.0,0.9973515526054509,0.9973515526054509,1.0,0.0,,0.05449859236662847
312,1846.0,0.9979599847862012,0.9979599847862012,1.0,0.0,,0.04881100270969828
313,1846.0,0.9974150641988663,0.9974150641988663,1.0,0.0,,0.05434290206740748
314,1846.0,0.9991072630896831,0.9991072630896831,1.0,0.0,,0.04119188983634314
315,1846.0,0.998935314770572,0.998935314770572,1.0,0.0,,0.04194506829750365
316,1846.0,0.9971409734699214,0.9971409734699214,1.0,0.0,,0.061867210582531765
317,1846.0,0.9987278909776869,0.9987278909776869,1.0,0.0,,0.044041317215473
318,1846.0,0.9987259376405977,0.9987259376405977,1.0,0.0,,0.04440945022717462
319,1846.0,0.9986792565279221,0.9986792565279221,1.0,0.0,,0.046455098885475415
320,1846.0,0.9985827358034515,0.9985827358034515,1.0,0.0,,0.049546833517563435
321,1846.0,0.9978745157845005,0.9978745157845005,1.0,0.0,,0.057082052109206485
322,1846.0,0.9973977926173794,0.9973977926173794,1.0,0.0,,0.058357109146661174
323,1846.0,0.999011872873314,0.999011872873314,1.0,0.0,,0.03922240875753625
324,1846.0,0.9982804910191744,0.9982804910191744,1.0,0.0,,0.04644748176782146
325,1846.0,0.9988389237038873,0.9988389237038873,1.0,0.0,,0.03693866191639868
326,1846.0,0.9988299698274012,0.9988299698274012,1.0,0.0,,0.042980622694494375
327,1846.0,0.998601028825604,0.9986010288256042,1.0,0.0,,0.04450056768833864
328,1846.0,0.9976898231297336,0.9976898231297336,1.0,0.0,,0.05207287024255795
329,1846.0,0.9970369253052443,0.9970369253052443,1.0,0.0,,0.05640479332634741
330,1846.0,0.9989782471665877,0.9989782471665877,1.0,0.0,,0.045687136707481535
331,1846.0,0.9977186924239277,0.9977186924239277,1.0,0.0,,0.04919183814540747
332,1846.0,0.9973637803966853,0.9973637803966853,1.0,0.0,,0.059878978300153984
333,1846.0,0.9980899335863215,0.9980899335863215,1.0,0.0,,0.05245088494355285
334,1846.0,0.9979089341378619,0.9979089341378619,1.0,0.0,,0.05596402634490271
335,1846.0,0.9986082749595334,0.9986082749595334,1.0,0.0,,0.04484291548166993
336,1846.0,0.9987812169051444,0.9987812169051444,1.0,0.0,,0.04366968073091187
337,1846.0,0.9984416725100177,0.9984416725100177,1.0,0.0,,0.04726646333392968
338,1846.0,0.9977943883032306,0.9977943883032306,1.0,0.0,,0.05064140601931011
339,1846.0,0.9990924634130298,0.9990924634130298,1.0,0.0,,0.03955213435618817
340,1846.0,0.9984418127119404,0.9984418127119404,1.0,0.0,,0.04755446459282941
341,1846.0,0.998453348312169,0.998453348312169,1.0,0.0,,0.05801345088534227
342,1846.0,0.9972495478381879,0.9972495478381878,1.0,0.0,,0.06159130468708783
343,1846.0,0.997079959303159,0.997079959303159,1.0,0.0,,0.057220275396993675
344,1846.0,0.9976474053605725,0.9976474053605727,1.0,0.0,,0.049977546761847694
345,1846.0,0.9978668657069478,0.9978668657069478,1.0,0.0,,0.051994438527023984
346,1846.0,0.9986203406346782,0.9986203406346782,1.0,0.0,,0.04387307886024998
347,1846.0,0.9977888697397695,0.9977888697397695,1.0,0.0,,0.05630000521650619
348,1846.0,0.9987881771409011,0.9987881771409011,1.0,0.0,,0.052199707201238614
349,1846.0,0.9986941756884297,0.9986941756884297,1.0,0.0,,0.04573590301749045
350,1846.0,0.9987382755480805,0.9987382755480805,1.0,0.0,,0.04660459937135895
351,1846.0,0.9975839387995186,0.9975839387995186,1.0,0.0,,0.05801452311396698
352,1846.0,0.9952860242310773,0.9952860242310773,1.0,0.0,,0.06514210199551568
353,1846.0,0.9970196498550307,0.9970196498550307,1.0,0.0,,0.05884037627885631
354,1846.0,0.9972489181013108,0.9972489181013108,1.0,0.0,,0.054682067728545496
355,1846.0,0.9990563022811899,0.9990563022811899,1.0,0.0,,0.03868215302003671
356,1846.0,0.9959986294021025,0.9959986294021025,1.0,0.0,,0.06772144722566721
357,1846.0,0.9987150122993358,0.9987150122993358,1.0,0.0,,0.039211993695596255
358,1846.0,0.9988131864942846,0.9988131864942846,1.0,0.0,,0.043984637370798566
359,1846.0,0.9987200083828467,0.9987200083828467,1.0,0.0,,0.043719428643103395
360,1846.0,0.9987957163783303,0.9987957163783303,1.0,0.0,,0.04170924584389108
361,1846.0,0.9986236736100504,0.9986236736100504,1.0,0.0,,0.05092126237408324
362,1846.0,0.9985754524945436,0.9985754524945436,1.0,0.0,,0.050994389608034464
363,1846.0,0.9984777107405881,0.9984777107405881,1.0,0.0,,0.04544382059064435
364,1846.0,0.9983459268669076,0.9983459268669076,1.0,0.0,,0.044663653067392194
365,1846.0,0.9976861834520738,0.9976861834520738,1.0,0.0,,0.05604651312497789
366,1846.0,0.9987945157195308,0.9987945157195308,1.0,0.0,,0.04055956848555755
367,1846.0,0.9982489233803628,0.9982489233803628,1.0,0.0,,0.045306299140044186
368,1846.0,0.998968267988316,0.998968267988316,1.0,0.0,,0.044168552667136915
369,1846.0,0.9965367549417947,0.9965367549417947,1.0,0.0,,0.06237679303862018
370,1846.0,0.9983141082424687,0.9983141082424687,1.0,0.0,,0.04989858916470807
371,1846.0,0.9978739411119649,0.9978739411119649,1.0,0.0,,0.05140137067591539
372,1846.0,0.9990079119737455,0.9990079119737455,1.0,0.0,,0.05269927595728614
373,1846.0,0.9984190973543037,0.9984190973543037,1.0,0.0,,0.049451427294082986
374,1846.0,0.9978285603287234,0.9978285603287234,1.0,0.0,,0.05577113583086945
375,1846.0,0.9987503735681438,0.9987503735681438,1.0,0.0,,0.04112283066670566
376,1846.0,0.9971484391559875,0.9971484391559875,1.0,0.0,,0.05533029678771
377,1846.0,0.9981426937580774,0.9981426937580774,1.0,0.0,,0.04872948911891348
378,1846.0,0.9982610946622705,0.9982610946622705,1.0,0.0,,0.048790443503995376
379,1846.0,0.9989432138475088,0.9989432138475088,1.0,0.0,,0.04237813351763398
380,1846.0,0.9966922170474735,0.9966922170474735,1.0,0.0,,0.05923053466320233
381,1846.0,0.9984384563236598,0.9984384563236598,1.0,0.0,,0.05037531385630379
382,1846.0,0.9983325548817379,0.9983325548817378,1.0,0.0,,0.05684082971466735
383,1846.0,0.998657928560286,0.998657928560286,1.0,0.0,,0.05129913650386075
384,1846.0,0.9985037908077884,0.9985037908077884,1.0,0.0,,0.043383540592898145
385,1846.0,0.9978223105868015,0.9978223105868015,1.0,0.0,,0.053065618449794544
386,1846.0,0.9968601412931475,0.9968601412931475,1.0,0.0,,0.06376923747831027
387,1846.0,0.9984705582634318,0.9984705582634318,1.0,0.0,,0.05457229650182606
388,1846.0,0.9983305228658985,0.9983305228658985,1.0,0.0,,0.047925976737993245
389,1846.0,0.9970414453214335,0.9970414453214335,1.0,0.0,,0.05482646237041387
390,1846.0,0.9981426406310236,0.9981426406310236,1.0,0.0,,0.05437079150270841
391,1846.0,0.9981252879600472,0.9981252879600472,1.0,0.0,,0.05631938185126955
392,1846.0,0.9983178642918283,0.9983178642918283,1.0,0.0,,0.05362558574467549
393,1846.0,0.99789084211812,0.99789084211812,1.0,0.0,,0.05819025570887288
394,1846.0,0.9948706976317037,0.9948706976317037,1.0,0.0,,0.07542701826095098
395,1846.0,0.998236740062166,0.998236740062166,1.0,0.0,,0.05094996788219141
396,1846.0,0.9987545193328535,0.9987545193328535,1.0,0.0,,0.0457721053899328
397,1846.0,0.9990313926138177,0.9990313926138177,1.0,0.0,,0.042433385681974044
398,1846.0,0.9969502705141886,0.9969502705141886,1.0,0.0,,0.056904765962917
399,1846.0,0.9987827500985008,0.9987827500985008,1.0,0.0,,0.0427647322210957
400,1846.0,0.998907937934052,0.998907937934052,1.0,0.0,,0.052084789147435744
401,1846.0,0.9984308213768746,0.9984308213768746,1.0,0.0,,0.05372681984089615
402,1846.0,0.9962512450307913,0.9962512450307913,1.0,0.0,,0.06342690957919382
403,1846.0,0.9977924313403107,0.9977924313403107,1.0,0.0,,0.05725871785311804
404,1846.0,0.9979086354709288,0.9979086354709288,1.0,0.0,,0.047573540324409434
405,1846.0,0.9975597409953664,0.9975597409953664,1.0,0.0,,0.05229674130546842
406,1846.0,0.9986773429433365,0.9986773429433365,1.0,0.0,,0.04120171043453788
407,1846.0,0.9974236027152384,0.9974236027152384,1.0,0.0,,0.055431023543680305
408,1846.0,0.9979138094374558,0.9979138094374556,1.0,0.0,,0.051956512400349215
409,1846.0,0.9970474817786517,0.9970474817786517,1.0,0.0,,0.049687986017379095
410,1846.0,0.9984154427834406,0.9984154427834406,1.0,0.0,,0.04452388633895396
411,1846.0,0.9983908154335551,0.9983908154335551,1.0,0.0,,0.051996544494380056
412,1846.0,0.998413783785531,0.998413783785531,1.0,0.0,,0.05366764920942602
413,1846.0,0.9968574351561316,0.9968574351561316,1.0,0.0,,0.06106131321594822
414,1846.0,0.9980357027094167,0.9980357027094167,1.0,0.0,,0.06138555362636579
415,1846.0,0.9975591675962557,0.9975591675962557,1.0,0.0,,0.06478896333415486
416,1846.0,0.9982171855711064,0.9982171855711064,1.0,0.0,,0.049173448807446514
417,1846.0,0.9980403720407344,0.9980403720407344,1.0,0.0,,0.04807490962295485
418,1846.0,0.9988451526134036,0.9988451526134036,1.0,0.0,,0.04865572404381814
419,1846.0,0.9978428701432176,0.9978428701432176,1.0,0.0,,0.050717974293967655
420,1846.0,0.9985552529996203,0.9985552529996203,1.0,0.0,,0.04858955915246314
421,1846.0,0.9986657954751589,0.9986657954751589,1.0,0.0,,0.047428143844607695
422,1846.0,0.9982527332708869,0.9982527332708869,1.0,0.0,,0.05204922351085358
423,1846.0,0.9984162866903,0.9984162866903,1.0,0.0,,0.05153211183475285
424,1846.0,0.9990627540864773,0.9990627540864773,1.0,0.0,,0.03760479007046998
425,1846.0,0.9975664115193105,0.9975664115193105,1.0,0.0,,0.05930235593654057
426,1846.0,0.995468919423263,0.995468919423263,1.0,0.0,,0.07369732446962061
427,1846.0,0.9982189771605176,0.9982189771605176,1.0,0.0,,0.04944702720187994
428,1846.0,0.9983450622301282,0.9983450622301282,1.0,0.0,,0.049465963897291354
429,1846.0,0.996660699497623,0.996660699497623,1.0,0.0,,0.05503331214000551
430,1846.0,0.9982894666982655,0.9982894666982655,1.0,0.0,,0.04854010001760228
431,1846.0,0.9988072243560226,0.9988072243560226,1.0,0.0,,0.03798177330359838
432,1846.0,0.9987192297024752,0.9987192297024752,1.0,0.0,,0.046980897289534036
433,1846.0,0.997243270749133,0.997243270749133,1.0,0.0,,0.058351399273470946
434,1846.0,0.9984988791539003,0.9984988791539003,1.0,0.0,,0.05366309221894594
435,1846.0,0.9985673980068605,0.9985673980068605,1.0,0.0,,0.046243153191174516
436,1846.0,0.9981579160457215,0.9981579160457215,1.0,0.0,,0.051943314136955486
437,1846.0,0.9986151146618623,0.9986151146618623,1.0,0.0,,0.05221717108455508
438,1846.0,0.9974436853615373,0.9974436853615373,1.0,0.0,,0.05482358131457265
439,1846.0,0.9983547857502539,0.9983547857502539,1.0,0.0,,0.04830090347648844
440,1846.0,0.9981618853011766,0.9981618853011766,1.0,0.0,,0.05277580432469943
441,1846.0,0.9981530039063957,0.9981530039063957,1.0,0.0,,0.04995116788923454
442,1846.0,0.998390115906595,0.998390115906595,1.0,0.0,,0.04836837888652058
443,1846.0,0.9979732957752743,0.9979732957752743,1.0,0.0,,0.05524690296242726
444,1846.0,0.9980597094131689,0.9980597094131689,1.0,0.0,,0.05474262929077424
445,1846.0,0.9980200818563172,0.9980200818563174,1.0,0.0,,0.051518015575886
446,1846.0,0.9982432172298069,0.9982432172298069,1.0,0.0,,0.047099462613504325
447,1846.0,0.9958315877260417,0.9958315877260417,1.0,0.0,,0.06922358565521262
448,1846.0,0.9986713859108948,0.9986713859108948,1.0,0.0,,0.043176284111317
449,1846.0,0.9990557274493265,0.9990557274493265,1.0,0.0,,0.04444830449881836
450,1846.0,0.9985060103592678,0.9985060103592678,1.0,0.0,,0.043766343073512855
451,1846.0,0.9988609624044633,0.9988609624044633,1.0,0.0,,0.04704883120021849
452,1846.0,0.9988350810828948,0.9988350810828948,1.0,0.0,,0.042858135896464596
453,1846.0,0.998964949028712,0.998964949028712,1.0,0.0,,0.03635457366214618
454,1846.0,0.9984049156092927,0.9984049156092927,1.0,0.0,,0.05222899259344443
455,1846.0,0.9985147496809665,0.9985147496809665,1.0,0.0,,0.04955191234871882
456,1846.0,0.9989403033212851,0.9989403033212851,1.0,0.0,,0.039709572192731295
457,1846.0,0.999053980926668,0.999053980926668,1.0,0.0,,0.03568212880431708
458,1846.0,0.9973712853760212,0.9973712853760212,1.0,0.0,,0.054927459377453504
459,1846.0,0.997254797045503,0.997254797045503,1.0,0.0,,0.05658515200462433
460,1846.0,0.9985027613514746,0.9985027613514746,1.0,0.0,,0.05035399071455359
461,1846.0,0.9973209140301609,0.9973209140301609,1.0,0.0,,0.05333631636521108
462,1846.0,0.9987661707697043,0.9987661707697043,1.0,0.0,,0.04739349309981807
463,1846.0,0.9967017536955237,0.9967017536955237,1.0,0.0,,0.058665180537830375
464,1846.0,0.9980841424749343,0.9980841424749343,1.0,0.0,,0.0490583156256972
465,1846.0,0.9983393531346796,0.9983393531346796,1.0,0.0,,0.05292854310286401
466,1846.0,0.9985783065173529,0.9985783065173529,1.0,0.0,,0.04344622767733059
467,1846.0,0.9958442692876405,0.9958442692876405,1.0,0.0,,0.07320358001822108
468,1846.0,0.9988123441506365,0.9988123441506365,1.0,0.0,,0.05262376014644221
469,1846.0,0.9984627817658999,0.9984627817658999,1.0,0.0,,0.04719848188080561
470,1846.0,0.998708845830372,0.998708845830372,1.0,0.0,,0.04312519804099924
471,1846.0,0.9988909604806894,0.9988909604806894,1.0,0.0,,0.041614449892041126
472,1846.0,0.9983229112383799,0.9983229112383799,1.0,0.0,,0.04662603008036357
473,1846.0,0.9987097651536138,0.9987097651536138,1.0,0.0,,0.04468463589410294
474,1846.0,0.9986082081860562,0.9986082081860562,1.0,0.0,,0.05844260529680055
475,1846.0,0.9982429106364035,0.9982429106364035,1.0,0.0,,0.0518729286157713
476,1846.0,0.9981570997734756,0.9981570997734756,1.0,0.0,,0.050690585381209775
477,1846.0,0.9972756024583618,0.9972756024583618,1.0,0.0,,0.05668478475491698
478,1846.0,0.9983903694760239,0.9983903694760239,1.0,0.0,,0.04315929293351285
479,1846.0,0.9988316440993241,0.9988316440993241,1.0,0.0,,0.03930543696276576
480,1846.0,0.9972312613191398,0.9972312613191398,1.0,0.0,,0.05672103354612783
481,1846.0,0.9973986591191875,0.9973986591191875,1.0,0.0,,0.0563775069143778
482,1846.0,0.998381728861988,0.998381728861988,1.0,0.0,,0.052371575908599415
483,1846.0,0.9983019902120973,0.9983019902120973,1.0,0.0,,0.05182635523079885
484,1846.0,0.9986979242286846,0.9986979242286846,1.0,0.0,,0.04468228855424084
485,1846.0,0.9986514914868754,0.9986514914868754,1.0,0.0,,0.045806407223154044
486,1846.0,0.9973065119721805,0.9973065119721805,1.0,0.0,,0.05961989476641847
487,1846.0,0.9982471442881278,0.9982471442881278,1.0,0.0,,0.04920420650923019
488,1846.0,0.9980705282293849,0.9980705282293849,1.0,0.0,,0.051308409066729566
489,1846.0,0.9980358722220484,0.9980358722220484,1.0,0.0,,0.0479400718891028
490,1846.0,0.9974148370848372,0.9974148370848372,1.0,0.0,,0.059554121917042235
491,1846.0,0.9950897830542672,0.9950897830542672,1.0,0.0,,0.07268970137729407
492,1846.0,0.9989416191492304,0.9989416191492304,1.0,0.0,,0.047295742258776995
493,1846.0,0.9974803731758882,0.9974803731758882,1.0,0.0,,0.0564948059392304
494,1846.0,0.9962421256267838,0.9962421256267838,1.0,0.0,,0.0680773091709958
495,1846.0,0.9980141820858405,0.9980141820858405,1.0,0.0,,0.05372067099986033
496,1846.0,0.9956919650519307,0.9956919650519307,1.0,0.0,,0.07168404888641601
497,1846.0,0.9984577397463522,0.9984577397463522,1.0,0.0,,0.04320458082064778
498,1846.0,0.9981600604397161,0.9981600604397161,1.0,0.0,,0.05274965721863893
499,1846.0,0.9981844221217415,0.9981844221217415,1.0,0.0,,0.047281175179873694
500,1846.0,0.9977342638484638,0.9977342638484638,1.0,0.0,,0.05346013458578822
501,1846.0,0.99853335301291,0.99853335301291,1.0,0.0,,0.04649724782512061
502,1846.0,0.9986838073871611,0.9986838073871611,1.0,0.0,,0.042540388525682184
503,1846.0,0.9988294075925869,0.9988294075925869,1.0,0.0,,0.04424289375808543
504,1846.0,0.9990708043066899,0.9990708043066899,1.0,0.0,,0.03876155123969764
505,1846.0,0.9984159271237139,0.9984159271237139,1.0,0.0,,0.05032819147022392
506,1846.0,0.9980741083028805,0.9980741083028805,1.0,0.0,,0.05665124062781361
507,1846.0,0.9986736918275188,0.9986736918275188,1.0,0.0,,0.053256050005787973
508,1846.0,0.9966866868085537,0.9966866868085537,1.0,0.0,,0.06095766820561293
509,1846.0,0.9986940955546987,0.9986940955546987,1.0,0.0,,0.039920089544613964
510,1846.0,0.9985645879273533,0.9985645879273535,1.0,0.0,,0.05002223271557382
511,1846.0,0.9972972435327304,0.9972972435327301,1.0,0.0,,0.05813402171804225
512,1846.0,0.9980880507528983,0.9980880507528983,1.0,0.0,,0.05034620268475471
513,1846.0,0.9990121004092472,0.9990121004092472,1.0,0.0,,0.04192449808784863
514,1846.0,0.9985694840110192,0.9985694840110192,1.0,0.0,,0.04725210299638226
515,1846.0,0.9966625210022798,0.9966625210022798,1.0,0.0,,0.060224997367290437
516,1846.0,0.99840510699446,0.99840510699446,1.0,0.0,,0.0557100825781968
517,1846.0,0.9981876777177286,0.9981876777177286,1.0,0.0,,0.0554209150696299
518,1846.0,0.9982640606164523,0.9982640606164523,1.0,0.0,,0.04886547054508014
519,1846.0,0.9982881130540382,0.9982881130540382,1.0,0.0,,0.05060330932735955
520,1846.0,0.9990433040948183,0.9990433040948183,1.0,0.0,,0.034275200903801074
521,1846.0,0.9983558140862487,0.9983558140862487,1.0,0.0,,0.04357440472162234
522,1846.0,0.998896316132542,0.998896316132542,1.0,0.0,,0.03838806659050345
523,1846.0,0.9954211248535649,0.9954211248535649,1.0,0.0,,0.06698703928365562
524,1846.0,0.9986802062214339,0.9986802062214339,1.0,0.0,,0.046634146657456584
525,1846.0,0.9987835115477076,0.9987835115477076,1.0,0.0,,0.05148163361304174
526,1846.0,0.9982231100901218,0.9982231100901218,1.0,0.0,,0.05251675203705658
527,1846.0,0.9988778343534754,0.9988778343534754,1.0,0.0,,0.04225513434284653
528,1846.0,0.9982542485416912,0.9982542485416912,1.0,0.0,,0.04756584238790306
529,1846.0,0.9965448017781635,0.9965448017781635,1.0,0.0,,0.0604089244831282
530,1846.0,0.9987859234602058,0.9987859234602058,1.0,0.0,,0.050752595229854446
531,1846.0,0.9974687694886109,0.9974687694886109,1.0,0.0,,0.060197283874953864
532,1846.0,0.998064654777767,0.998064654777767,1.0,0.0,,0.0501917227746697
533,1846.0,0.9969591187071728,0.9969591187071728,1.0,0.0,,0.057339406723591876
534,1846.0,0.9987515339967238,0.9987515339967238,1.0,0.0,,0.04103572671172895
535,1846.0,0.9982524079838591,0.9982524079838591,1.0,0.0,,0.05173742128467646
536,1846.0,0.998550355104238,0.998550355104238,1.0,0.0,,0.05030543740676102
537,1846.0,0.9983868475469069,0.9983868475469069,1.0,0.0,,0.04330183262751644
538,1846.0,0.9979255317785312,0.9979255317785312,1.0,0.0,,0.06564862153567305
539,1846.0,0.9987412702147335,0.9987412702147335,1.0,0.0,,0.045365725643975785
540,1846.0,0.9985539577039677,0.9985539577039677,1.0,0.0,,0.04896269645175821
541,1846.0,0.9979027031900013,0.9979027031900013,1.0,0.0,,0.0567274116137282
542,1846.0,0.9975394297982999,0.9975394297982999,1.0,0.0,,0.05094256548052124
543,1846.0,0.9984812192691331,0.9984812192691331,1.0,0.0,,0.04629235183309284
544,1846.0,0.9987563652759877,0.9987563652759877,1.0,0.0,,0.04328960689876878
545,1846.0,0.9973168041193831,0.9973168041193831,1.0,0.0,,0.05723042078531319
546,1846.0,0.9988953557104451,0.9988953557104451,1.0,0.0,,0.03811839683571952
547,1846.0,0.9988890123566807,0.9988890123566807,1.0,0.0,,0.04599996008008191
548,1846.0,0.9989410188972189,0.9989410188972189,1.0,0.0,,0.04451095521398576
549,1846.0,0.9988619841321428,0.9988619841321428,1.0,0.0,,0.04733415610645559
550,1846.0,0.9986470708354324,0.9986470708354324,1.0,0.0,,0.047655255143779704
551,1846.0,0.9959912652719976,0.9959912652719976,1.0,0.0,,0.060031245700774616
552,1846.0,0.997699183151555,0.997699183151555,1.0,0.0,,0.05586353912043459
553,1846.0,0.9980261326828828,0.9980261326828828,1.0,0.0,,0.0526933800326829
554,1846.0,0.9984482203815885,0.9984482203815885,1.0,0.0,,0.049384163331454185
555,1846.0,0.9985641371111528,0.9985641371111528,1.0,0.0,,0.06290724516738364
556,1846.0,0.9980543982000165,0.9980543982000165,1.0,0.0,,0.05200405458164655
557,1846.0,0.9966557338721425,0.9966557338721425,1.0,0.0,,0.05643561897981815
558,1846.0,0.9987140953743804,0.9987140953743804,1.0,0.0,,0.04001419188966031
559,1846.0,0.9975966574831264,0.9975966574831264,1.0,0.0,,0.053196450074002956
560,1846.0,0.9985258041480631,0.9985258041480631,1.0,0.0,,0.04952742620397842
561,1846.0,0.998156607865383,0.998156607865383,1.0,0.0,,0.061129056595902
562,1846.0,0.9983018692328478,0.9983018692328478,1.0,0.0,,0.04954259713184021
563,1846.0,0.9985891818178121,0.9985891818178121,1.0,0.0,,0.050324538140024404
564,1846.0,0.9949784132275851,0.9949784132275851,1.0,0.0,,0.0724152963111985
565,1846.0,0.9968925869002155,0.9968925869002155,1.0,0.0,,0.061231984826763786
566,1846.0,0.9983817883480393,0.9983817883480393,1.0,0.0,,0.04365309086897156
567,1846.0,0.9986334159470224,0.9986334159470224,1.0,0.0,,0.04572908553938435
568,1846.0,0.9983017116336165,0.9983017116336165,1.0,0.0,,0.05116410543886267
569,1846.0,0.9978592174981404,0.9978592174981404,1.0,0.0,,0.04829307179272678
570,1846.0,0.9974655370443709,0.9974655370443709,1.0,0.0,,0.056014549488655606
571,1846.0,0.9984074727183627,0.9984074727183627,1.0,0.0,,0.04457322736282628
572,1846.0,0.9966052446074317,0.9966052446074317,1.0,0.0,,0.06639101681081272
573,1846.0,0.9988264950999995,0.9988264950999995,1.0,0.0,,0.040249021613214205
574,1846.0,0.9990807153960939,0.9990807153960939,1.0,0.0,,0.036024270487034424
575,1846.0,0.9984851585312993,0.9984851585312993,1.0,0.0,,0.048727080716598425
576,1846.0,0.9986201810158088,0.9986201810158088,1.0,0.0,,0.04378029632252718
577,1846.0,0.9988328946279932,0.9988328946279932,1.0,0.0,,0.04512381524136438
578,1846.0,0.9985527231606202,0.9985527231606202,1.0,0.0,,0.05556639670059574
579,1846.0,0.995981910901849,0.995981910901849,1.0,0.0,,0.06656040065405229
580,1846.0,0.9985142142616649,0.9985142142616648,1.0,0.0,,0.05256984402257278
581,1846.0,0.9987176356589761,0.9987176356589761,1.0,0.0,,0.05052011863842261
582,1846.0,0.9980388703874191,0.9980388703874191,1.0,0.0,,0.05716651807482382
583,1846.0,0.9963049801874022,0.9963049801874024,1.0,0.0,,0.06361357844090096
584,1846.0,0.9986617264354614,0.9986617264354614,1.0,0.0,,0.049312656076148945
585,1846.0,0.9975778082633115,0.9975778082633115,1.0,0.0,,0.05306954676130831
586,1846.0,0.9973626167573661,0.9973626167573661,1.0,0.0,,0.06591038152622271
587,1846.0,0.9975530556728824,0.9975530556728824,1.0,0.0,,0.06086973268897036
588,1846.0,0.9986487018778989,0.9986487018778989,1.0,0.0,,0.04305903938841093
589,1846.0,0.9989928679278982,0.9989928679278982,1.0,0.0,,0.04134389277929669
590,1846.0,0.9933022991057172,0.9933022991057172,1.0,0.0,,0.08331441026705912
591,1846.0,0.9989719803267043,0.9989719803267043,1.0,0.0,,0.04799645162516534
592,1846.0,0.9968949161638256,0.9968949161638256,1.0,0.0,,0.06512774404643176
593,1846.0,0.9990828102206326,0.9990828102206326,1.0,0.0,,0.04486455490013145
594,1846.0,0.9980550104386869,0.9980550104386869,1.0,0.0,,0.05248123149393215
595,1846.0,0.9985941807743802,0.9985941807743802,1.0,0.0,,0.04831557704719301
596,1846.0,0.9982810762556386,0.9982810762556386,1.0,0.0,,0.050663907717208884
597,1846.0,0.9982639592188575,0.9982639592188575,1.0,0.0,,0.052033394645830316
598,1846.0,0.9965989522005821,0.9965989522005821,1.0,0.0,,0.061299777028512165
599,1846.0,0.9975796465772614,0.9975796465772614,1.0,0.0,,0.05904424376750559
600,1846.0,0.9963934231482474,0.9963934231482474,1.0,0.0,,0.06542499560690346
601,1846.0,0.9975755179973449,0.9975755179973449,1.0,0.0,,0.05252498235925005
602,1846.0,0.9989424906630154,0.9989424906630154,1.0,0.0,,0.038916755018784
603,1846.0,0.9982736956216002,0.9982736956216002,1.0,0.0,,0.051684915808793
604,1846.0,0.9976895158112311,0.9976895158112311,1.0,0.0,,0.05636914034902684
605,1846.0,0.9987532682324209,0.9987532682324209,1.0,0.0,,0.041618129169094645
606,1846.0,0.9991404114085596,0.9991404114085596,1.0,0.0,,0.043972192785529524
607,1846.0,0.9987897995530549,0.9987897995530549,1.0,0.0,,0.046860826157959765
608,1846.0,0.9983906203008017,0.9983906203008017,1.0,0.0,,0.05365349360702384
609,1846.0,0.9985256736262773,0.9985256736262773,1.0,0.0,,0.04538541300219063
610,1846.0,0.9959767590934907,0.9959767590934907,1.0,0.0,,0.059274453989837474
611,1846.0,0.9989789002895649,0.9989789002895649,1.0,0.0,,0.040773403904317364
612,1846.0,0.9988421388628277,0.9988421388628277,1.0,0.0,,0.04004360878953586
613,1846.0,0.997754705815558,0.997754705815558,1.0,0.0,,0.057906167800160425
614,1846.0,0.9978650708576446,0.9978650708576446,1.0,0.0,,0.061922925846321954
615,1846.0,0.996460057697617,0.996460057697617,1.0,0.0,,0.06455118195706547
616,1846.0,0.9985833525130734,0.9985833525130734,1.0,0.0,,0.04853740495931059
617,1846.0,0.996901113549694,0.996901113549694,1.0,0.0,,0.06526495651541957
618,1846.0,0.9982873381954311,0.9982873381954311,1.0,0.0,,0.04650069261445567
619,1846.0,0.9976613053204418,0.9976613053204418,1.0,0.0,,0.058617532408193306
620,1846.0,0.9978139363517724,0.9978139363517722,1.0,0.0,,0.05297382645897681
621,1846.0,0.9981841045451105,0.9981841045451105,1.0,0.0,,0.049108716862228355
622,1846.0,0.9982967256749794,0.9982967256749794,1.0,0.0,,0.05450080790405223
623,1846.0,0.9960178317260954,0.9960178317260956,1.0,0.0,,0.06521121171355387
624,1846.0,0.9967722377558503,0.9967722377558503,1.0,0.0,,0.058391983474333956
625,1846.0,0.9972670727668644,0.9972670727668644,1.0,0.0,,0.05853368869460175
626,1846.0,0.9982079733796586,0.9982079733796586,1.0,0.0,,0.04566664691655181
627,1846.0,0.9986174028282505,0.9986174028282505,1.0,0.0,,0.045168879152213015
628,1846.0,0.9990462558717467,0.9990462558717467,1.0,0.0,,0.04749976659526197
629,1846.0,0.9981642622911522,0.9981642622911522,1.0,0.0,,0.04558196639703331
630,1846.0,0.9983445191681544,0.9983445191681544,1.0,0.0,,0.04732819966338793
631,1846.0,0.9990956986827938,0.9990956986827938,1.0,0.0,,0.040708597520650466
632,1846.0,0.9977258978953354,0.9977258978953354,1.0,0.0,,0.056967055017708323
633,1846.0,0.9982601401253869,0.9982601401253869,1.0,0.0,,0.052598360375946396
634,1846.0,0.9986459092119188,0.9986459092119188,1.0,0.0,,0.05378918558299752
635,1846.0,0.9989756048920606,0.9989756048920606,1.0,0.0,,0.04191240877174222
636,1846.0,0.9989397401396389,0.9989397401396389,1.0,0.0,,0.045882094744748594
637,1846.0,0.9973341964668536,0.9973341964668536,1.0,0.0,,0.05478466802012632
638,1846.0,0.9989436395923783,0.9989436395923783,1.0,0.0,,0.04066358588698361
639,1846.0,0.9959611962129284,0.9959611962129284,1.0,0.0,,0.06123944069622591
640,1846.0,0.9984918143480026,0.9984918143480026,1.0,0.0,,0.0458322383301696
641,1846.0,0.9981149970367635,0.9981149970367635,1.0,0.0,,0.055099022754779334
642,1846.0,0.997994044522361,0.9979940445223612,1.0,0.0,,0.04734814313721346
643,1846.0,0.9981429316593662,0.9981429316593662,1.0,0.0,,0.05039392129015222
644,1846.0,0.9984515939863193,0.9984515939863193,1.0,0.0,,0.04058860392562949
645,1846.0,0.998514358472089,0.998514358472089,1.0,0.0,,0.047140840424033166
646,1846.0,0.9986730809812064,0.9986730809812064,1.0,0.0,,0.050653715650150394
647,1846.0,0.9970393152490941,0.9970393152490941,1.0,0.0,,0.060464770680409605
648,1846.0,0.9983140423150316,0.9983140423150316,1.0,0.0,,0.04498183617875021
649,1846.0,0.9975911778247697,0.9975911778247697,1.0,0.0,,0.047280747847022964
650,1846.0,0.9973114931023183,0.9973114931023183,1.0,0.0,,0.05710285170261155
651,1846.0,0.996824656111545,0.996824656111545,1.0,0.0,,0.06965126706531678
652,1846.0,0.9965012414095256,0.9965012414095256,1.0,0.0,,0.06177339786035322
653,1846.0,0.9987422641802326,0.9987422641802326,1.0,0.0,,0.04458230670031548
654,1846.0,0.9987790005642865,0.9987790005642868,1.0,0.0,,0.05005105140509028
655,1846.0,0.9983669295268951,0.9983669295268951,1.0,0.0,,0.03987692396469232
656,1846.0,0.9983564808220552,0.9983564808220552,1.0,0.0,,0.044121675799185564
657,1846.0,0.99879354935435,0.99879354935435,1.0,0.0,,0.053692098919292955
658,1846.0,0.9981968583563321,0.9981968583563321,1.0,0.0,,0.05115683423772961
659,1846.0,0.9988224449018576,0.9988224449018576,1.0,0.0,,0.041409863379088904
660,1846.0,0.9982579294267,0.9982579294267,1.0,0.0,,0.0494414305661763
661,1846.0,0.9987516232116953,0.9987516232116951,1.0,0.0,,0.035503065821953735
662,1846.0,0.9979888897983619,0.9979888897983619,1.0,0.0,,0.049236782462116775
663,1846.0,0.9986335363081477,0.9986335363081477,1.0,0.0,,0.049736038980648434
664,1846.0,0.9985547012856747,0.9985547012856747,1.0,0.0,,0.045508522690050214
665,1846.0,0.9977762931461248,0.9977762931461248,1.0,0.0,,0.06115779586677643
666,1846.0,0.9978192880330676,0.9978192880330679,1.0,0.0,,0.060138429475474244
667,1846.0,0.9973585866512804,0.9973585866512804,1.0,0.0,,0.05107760558783558
668,1846.0,0.9986538055401771,0.9986538055401771,1.0,0.0,,0.04194049253209807
669,1846.0,0.9979474440522657,0.9979474440522657,1.0,0.0,,0.05294391937241496
670,1846.0,0.9977196825063394,0.9977196825063394,1.0,0.0,,0.04776249607458391
671,1846.0,0.9986247695593357,0.9986247695593357,1.0,0.0,,0.051657560918493675
672,1846.0,0.9982809338482005,0.9982809338482003,1.0,0.0,,0.052030898264743
673,1846.0,0.9984647981054815,0.9984647981054815,1.0,0.0,,0.0511850416885716
674,1846.0,0.9984765936726799,0.9984765936726799,1.0,0.0,,0.05044315087634068
675,1846.0,0.9980361402167934,0.9980361402167934,1.0,0.0,,0.05079099099842714
676,1846.0,0.9987920439975034,0.9987920439975034,1.0,0.0,,0.041099746878777585
677,1846.0,0.9990428887013483,0.9990428887013483,1.0,0.0,,0.04903704059035859
678,1846.0,0.9987629326889753,0.9987629326889753,1.0,0.0,,0.05418401572683146
679,1846.0,0.9983419367027667,0.9983419367027669,1.0,0.0,,0.05300093701586767
680,1846.0,0.9975277343947402,0.9975277343947402,1.0,0.0,,0.05987710608335589
681,1846.0,0.998018002642334,0.998018002642334,1.0,0.0,,0.06284595873220393
682,1846.0,0.9980043171962527,0.9980043171962527,1.0,0.0,,0.05363763264324507
683,1846.0,0.9980471298265002,0.9980471298265002,1.0,0.0,,0.04645217630366877
684,1846.0,0.998139110207629,0.998139110207629,1.0,0.0,,0.04998142693283928
685,1846.0,0.9977879299328134,0.9977879299328134,1.0,0.0,,0.04959314116919331
686,1846.0,0.9932375806817524,0.9932375806817524,1.0,0.0,,0.07796700908154149
687,1846.0,0.998807271784335,0.998807271784335,1.0,0.0,,0.04457347388109297
688,1846.0,0.9985983184122732,0.9985983184122732,1.0,0.0,,0.04317076694494029
689,1846.0,0.9970284880434526,0.9970284880434527,1.0,0.0,,0.05972022401375339
690,1846.0,0.9986221310590723,0.9986221310590723,1.0,0.0,,0.046158048050665416
691,1846.0,0.9987888770134892,0.9987888770134892,1.0,0.0,,0.045663336535902564
692,1846.0,0.9977129036218788,0.9977129036218788,1.0,0.0,,0.05734281334616579
693,1846.0,0.9989034733567232,0.9989034733567232,1.0,0.0,,0.04539674598059237
694,1846.0,0.998599369228937,0.998599369228937,1.0,0.0,,0.04806925186539571
695,1846.0,0.9980727468398184,0.9980727468398184,1.0,0.0,,0.04453575404724106
696,1846.0,0.9978290511141772,0.9978290511141772,1.0,0.0,,0.05344605282650137
697,1846.0,0.9983883905962884,0.9983883905962884,1.0,0.0,,0.052099801315527765
698,1846.0,0.9981421169617571,0.9981421169617571,1.0,0.0,,0.0499366620226951
699,1846.0,0.9981935196171292,0.9981935196171292,1.0,0.0,,0.05219467668563299
700,1846.0,0.9978191561636923,0.9978191561636923,1.0,0.0,,0.054167204374829754
701,1846.0,0.99912119551554,0.99912119551554,1.0,0.0,,0.041216710103412456
702,1846.0,0.9983870399157588,0.9983870399157588,1.0,0.0,,0.04845907300624196
703,1846.0,0.9988733001618877,0.9988733001618877,1.0,0.0,,0.046712813265926474
704,1846.0,0.9986505346938274,0.9986505346938274,1.0,0.0,,0.04841404480627277
705,1846.0,0.9984575046161333,0.9984575046161333,1.0,0.0,,0.05077578180134462
706,1846.0,0.9980054995166955,0.9980054995166955,1.0,0.0,,0.05475901206757178
707,1846.0,0.9986483573117795,0.9986483573117795,1.0,0.0,,0.05037116377017652
708,1846.0,0.9982384444595812,0.9982384444595812,1.0,0.0,,0.0517434117984914
709,1846.0,0.9982229677412185,0.9982229677412185,1.0,0.0,,0.044590961066552456
710,1846.0,0.9986335754387687,0.9986335754387687,1.0,0.0,,0.04971221416537313
711,1846.0,0.9980624810713629,0.9980624810713629,1.0,0.0,,0.05012207301301238
712,1846.0,0.9987446327202635,0.9987446327202635,1.0,0.0,,0.047089878146075265
713,1846.0,0.9987752598849586,0.9987752598849586,1.0,0.0,,0.03850585183829871
714,1846.0,0.9962843341195665,0.9962843341195665,1.0,0.0,,0.06758715465647318
715,1846.0,0.9983516854269617,0.9983516854269617,1.0,0.0,,0.0560756554205548
716,1846.0,0.9982044398157834,0.9982044398157834,1.0,0.0,,0.0506017551249456
717,1846.0,0.9985477369766511,0.9985477369766511,1.0,0.0,,0.04845361273522507
718,1846.0,0.9979112388327128,0.9979112388327128,1.0,0.0,,0.060837581910145974
719,1846.0,0.9970383383745807,0.9970383383745807,1.0,0.0,,0.06472076378640379
720,1846.0,0.9989245484650444,0.9989245484650445,1.0,0.0,,0.04533509001072718
721,1846.0,0.998771460379018,0.998771460379018,1.0,0.0,,0.05056237253308978
722,1846.0,0.9984294015655467,0.9984294015655467,1.0,0.0,,0.048008111138124074
723,1846.0,0.9988666189417373,0.9988666189417373,1.0,0.0,,0.04043751045677446
724,1846.0,0.9975090760250616,0.9975090760250616,1.0,0.0,,0.05575484426472284
725,1846.0,0.9989932052931944,0.9989932052931944,1.0,0.0,,0.04240494580166715
726,1846.0,0.9987050806627159,0.9987050806627159,1.0,0.0,,0.04591079462906825
727,1846.0,0.9989151209763398,0.9989151209763398,1.0,0.0,,0.04214505952313844
728,1846.0,0.9973305066301013,0.9973305066301013,1.0,0.0,,0.06108480254053663
729,1846.0,0.9987169198108055,0.9987169198108055,1.0,0.0,,0.054270970306106926
730,1846.0,0.9973850769589471,0.9973850769589471,1.0,0.0,,0.06336009691557963
731,1846.0,0.9975770525976321,0.9975770525976321,1.0,0.0,,0.055285572428678834
732,1846.0,0.9984987714298593,0.9984987714298593,1.0,0.0,,0.04962654287843292
733,1846.0,0.9985606933326271,0.9985606933326271,1.0,0.0,,0.04418117037846127
734,1846.0,0.9979200601678891,0.9979200601678891,1.0,0.0,,0.0514348104182365
735,1846.0,0.9963602624143065,0.9963602624143065,1.0,0.0,,0.0653831229155575
736,1846.0,0.9985310516799747,0.9985310516799747,1.0,0.0,,0.05492777066532063
737,1846.0,0.9986260915169337,0.9986260915169337,1.0,0.0,,0.045055558680087156
738,1846.0,0.9987625600507971,0.9987625600507973,1.0,0.0,,0.044690021566666224
739,1846.0,0.9983325810681146,0.9983325810681146,1.0,0.0,,0.04598969783001973
740,1846.0,0.9979759269626034,0.9979759269626034,1.0,0.0,,0.05258223219914094
741,1846.0,0.998195004965515,0.998195004965515,1.0,0.0,,0.050614450417076365
742,1846.0,0.9987457244159554,0.9987457244159554,1.0,0.0,,0.05038326259093336
743,1846.0,0.997223232789113,0.997223232789113,1.0,0.0,,0.05752268965275542
744,1846.0,0.997972441885896,0.997972441885896,1.0,0.0,,0.0554881548891969
745,1846.0,0.9979603334539715,0.9979603334539715,1.0,0.0,,0.05906560691720996
746,1846.0,0.9984667330303124,0.9984667330303124,1.0,0.0,,0.04649248368727345
747,1846.0,0.9985661939040611,0.9985661939040611,1.0,0.0,,0.04226202851302432
748,1846.0,0.996737408554077,0.996737408554077,1.0,0.0,,0.06772820846459245
749,1846.0,0.9982869260198018,0.9982869260198018,1.0,0.0,,0.0449782614946448
750,1846.0,0.9984426291358152,0.9984426291358152,1.0,0.0,,0.05035179266314083
751,1846.0,0.9986232622938804,0.9986232622938804,1.0,0.0,,0.06083619613908009
752,1846.0,0.998133458687183,0.998133458687183,1.0,0.0,,0.05085088369979713
753,1846.0,0.9964026065327792,0.9964026065327792,1.0,0.0,,0.06894845850191417
754,1846.0,0.9990381878569906,0.9990381878569906,1.0,0.0,,0.04415028244277306
755,1846.0,0.9986405698540294,0.9986405698540294,1.0,0.0,,0.05209510081130154
756,1846.0,0.9986650079280799,0.9986650079280799,1.0,0.0,,0.048547156063724915
757,1846.0,0.9968222024945551,0.9968222024945551,1.0,0.0,,0.06543462736496167
758,1846.0,0.9971775959972153,0.9971775959972153,1.0,0.0,,0.052434604823965815
759,1846.0,0.9984782832548569,0.9984782832548569,1.0,0.0,,0.04829846791975122
760,1846.0,0.997691479559672,0.997691479559672,1.0,0.0,,0.05536814488774699
761,1846.0,0.9972041354821722,0.9972041354821722,1.0,0.0,,0.06226321517791262
762,1846.0,0.9989880307960948,0.9989880307960948,1.0,0.0,,0.03957377281507347
763,1846.0,0.9971338052870572,0.9971338052870572,1.0,0.0,,0.05582895675465019
764,1846.0,0.998657567282575,0.998657567282575,1.0,0.0,,0.04495881091163776
765,1846.0,0.9986587241814457,0.9986587241814457,1.0,0.0,,0.046327293112635844
766,1846.0,0.9982210451238243,0.9982210451238243,1.0,0.0,,0.05166878656137176
767,1846.0,0.9987951824375828,0.9987951824375828,1.0,0.0,,0.046383837047486325
768,1846.0,0.9988892030393842,0.9988892030393842,1.0,0.0,,0.03562382106161685
769,1846.0,0.9985942909612133,0.9985942909612133,1.0,0.0,,0.0467598244362203
770,1846.0,0.998202377760985,0.998202377760985,1.0,0.0,,0.054787526544045846
771,1846.0,0.9981800959256211,0.9981800959256211,1.0,0.0,,0.05011259898862577
772,1846.0,0.998792148432706,0.998792148432706,1.0,0.0,,0.045425330008414706
773,1846.0,0.9973788234638159,0.9973788234638159,1.0,0.0,,0.064172448365618
774,1846.0,0.996946299096668,0.996946299096668,1.0,0.0,,0.06018758824110362
775,1846.0,0.9986120918699298,0.9986120918699298,1.0,0.0,,0.050273753704468765
776,1846.0,0.9975469197501415,0.9975469197501415,1.0,0.0,,0.05225987860154916
777,1846.0,0.9987187038598441,0.9987187038598441,1.0,0.0,,0.04507239677173565
778,1846.0,0.9980331821047125,0.9980331821047125,1.0,0.0,,0.05440864700600502
779,1846.0,0.9982558148212193,0.9982558148212193,1.0,0.0,,0.04759346709436947
780,1846.0,0.9987566792356224,0.9987566792356224,1.0,0.0,,0.04059715615863256
781,1846.0,0.9956386142369746,0.9956386142369746,1.0,0.0,,0.08122471887897598
782,1846.0,0.9982733560011653,0.9982733560011653,1.0,0.0,,0.05202705730117401
783,1846.0,0.9989594796358499,0.9989594796358499,1.0,0.0,,0.04045626678533422
784,1846.0,0.9988578773305296,0.9988578773305296,1.0,0.0,,0.04023992892867124
785,1846.0,0.9983004127490329,0.9983004127490329,1.0,0.0,,0.053252530043393725
786,1846.0,0.998911058335904,0.998911058335904,1.0,0.0,,0.04270147299023162
787,1846.0,0.9984756018105903,0.9984756018105903,1.0,0.0,,0.04557518659718928
788,1846.0,0.9975757323452862,0.9975757323452862,1.0,0.0,,0.0549523441027433
789,1846.0,0.9982843595086871,0.9982843595086871,1.0,0.0,,0.04727427810813811
790,1846.0,0.995962489691737,0.995962489691737,1.0,0.0,,0.06893369740482627
791,1846.0,0.9988962712532021,0.9988962712532021,1.0,0.0,,0.03372198784394985
792,1846.0,0.9987732163869533,0.9987732163869533,1.0,0.0,,0.04435947637021921
793,1846.0,0.9977760261610932,0.9977760261610932,1.0,0.0,,0.054656444464084145
794,1846.0,0.9986132008542563,0.9986132008542563,1.0,0.0,,0.05490244428195898
795,1846.0,0.9984084716011074,0.9984084716011074,1.0,0.0,,0.05010284782638777
796,1846.0,0.9982000719259864,0.9982000719259864,1.0,0.0,,0.04969821737699154
797,1846.0,0.9979701977280337,0.9979701977280337,1.0,0.0,,0.05270342755104666
798,1846.0,0.9981873300705317,0.9981873300705317,1.0,0.0,,0.04534898904823629
799,1846.0,0.9988020464015955,0.9988020464015955,1.0,0.0,,0.04489706978933023
800,1846.0,0.9977076724720968,0.9977076724720968,1.0,0.0,,0.05417482846904727
801,1846.0,0.9959777926155612,0.9959777926155614,1.0,0.0,,0.06414616534190723
802,1846.0,0.9963907209644073,0.9963907209644073,1.0,0.0,,0.0666119982390534
803,1846.0,0.9958402995407849,0.9958402995407849,1.0,0.0,,0.06667171183880108
804,1846.0,0.9971828972498968,0.9971828972498968,1.0,0.0,,0.0518528418272698
805,1846.0,0.9976099534945013,0.9976099534945013,1.0,0.0,,0.05218829957355721
806,1846.0,0.9989045885534308,0.9989045885534308,1.0,0.0,,0.05171026523684712
807,1846.0,0.9987479919282835,0.9987479919282835,1.0,0.0,,0.03990826145869343
808,1846.0,0.9987068630335368,0.998706863033537,1.0,0.0,,0.0563349152165104
809,1846.0,0.9970642538484565,0.9970642538484565,1.0,0.0,,0.05923350837520675
810,1846.0,0.9981263858996084,0.9981263858996084,1.0,0.0,,0.05167782830319475
811,1846.0,0.9984308313564167,0.9984308313564167,1.0,0.0,,0.058646430738631135
812,1846.0,0.9982134936296218,0.9982134936296218,1.0,0.0,,0.0451041476590857
813,1846.0,0.998252057162094,0.998252057162094,1.0,0.0,,0.04908390668481651
814,1846.0,0.9982939454725258,0.9982939454725258,1.0,0.0,,0.05645676203309794
815,1846.0,0.9966247949441367,0.9966247949441367,1.0,0.0,,0.0561457347567783
816,1846.0,0.9969217278741699,0.9969217278741699,1.0,0.0,,0.05751148442559916
817,1846.0,0.9975802088156682,0.9975802088156682,1.0,0.0,,0.051521953706541196
818,1846.0,0.9978281942285887,0.9978281942285887,1.0,0.0,,0.05049429696074035
819,1846.0,0.9983794100543184,0.9983794100543184,1.0,0.0,,0.04632671269990778
820,1846.0,0.9986389529222304,0.9986389529222304,1.0,0.0,,0.04414127043044627
821,1846.0,0.9987201752240209,0.9987201752240209,1.0,0.0,,0.041352966426961145
822,1846.0,0.9988486301532175,0.9988486301532175,1.0,0.0,,0.04497055785377508
823,1846.0,0.998538648405672,0.998538648405672,1.0,0.0,,0.046634198120980234
824,1846.0,0.9989798889639696,0.9989798889639696,1.0,0.0,,0.04548942600278172
825,1846.0,0.9982362232416087,0.9982362232416087,1.0,0.0,,0.04715839342499193
826,1846.0,0.9958303927061908,0.9958303927061908,1.0,0.0,,0.06606620414062214
827,1846.0,0.9981504387715402,0.9981504387715402,1.0,0.0,,0.05455242525232236
828,1846.0,0.9973134559785068,0.9973134559785068,1.0,0.0,,0.05032687230006046
829,1846.0,0.9982897455626268,0.9982897455626268,1.0,0.0,,0.041316604410621086
830,1846.0,0.9983035986594514,0.9983035986594514,1.0,0.0,,0.049630462332765836
831,1846.0,0.9982139082934111,0.9982139082934111,1.0,0.0,,0.05650606273944839
832,1846.0,0.9988051690323684,0.9988051690323684,1.0,0.0,,0.04148488316283425
833,1846.0,0.9985313750952866,0.9985313750952866,1.0,0.0,,0.05957162641302656
834,1846.0,0.9985447686960135,0.9985447686960135,1.0,0.0,,0.046935716185767376
835,1846.0,0.9977314083914532,0.9977314083914532,1.0,0.0,,0.0482702399273988
836,1846.0,0.998345454573234,0.998345454573234,1.0,0.0,,0.04407138561975901
837,1846.0,0.9964527317466476,0.9964527317466476,1.0,0.0,,0.06311691579754829
838,1846.0,0.998467095349158,0.998467095349158,1.0,0.0,,0.04565700053488663
839,1846.0,0.9982531567907889,0.9982531567907889,1.0,0.0,,0.046264851249104795
840,1846.0,0.9984240874033352,0.9984240874033352,1.0,0.0,,0.045342024671863
841,1846.0,0.9975702493949486,0.9975702493949486,1.0,0.0,,0.05141128168841236
842,1846.0,0.9982511578436706,0.9982511578436706,1.0,0.0,,0.05052395933746052
843,1846.0,0.998687175293863,0.998687175293863,1.0,0.0,,0.04836319574159736
844,1846.0,0.9977244492935835,0.9977244492935835,1.0,0.0,,0.05328195814783657
845,1846.0,0.9986153631719791,0.9986153631719791,1.0,0.0,,0.05147609029204563
846,1846.0,0.9983663936468332,0.9983663936468332,1.0,0.0,,0.04650581950606243
847,1846.0,0.9976600491489015,0.997660049148901,1.0,0.0,,0.058990132866659606
848,1846.0,0.9989663763193413,0.9989663763193413,1.0,0.0,,0.03973739226738768
849,1846.0,0.9979662763734402,0.9979662763734399,1.0,0.0,,0.04848099704958662
850,1846.0,0.9979816296828179,0.9979816296828179,1.0,0.0,,0.045742791807866015
851,1846.0,0.9969238421155482,0.9969238421155482,1.0,0.0,,0.05301580658201084
852,1846.0,0.9973449285796491,0.9973449285796491,1.0,0.0,,0.05610248122871713
853,1846.0,0.996666158171569,0.996666158171569,1.0,0.0,,0.06351422886396335
854,1846.0,0.9984162620434922,0.9984162620434922,1.0,0.0,,0.05324471069884557
855,1846.0,0.9965731254476198,0.9965731254476198,1.0,0.0,,0.06473640122154226
856,1846.0,0.9979296099042008,0.9979296099042008,1.0,0.0,,0.05798234613618559
857,1846.0,0.9978839773191032,0.9978839773191032,1.0,0.0,,0.049039349472027594
858,1846.0,0.9982213274486854,0.9982213274486854,1.0,0.0,,0.04204129322151814
859,1846.0,0.9985255568237138,0.9985255568237138,1.0,0.0,,0.049585919290569824
860,1846.0,0.9985706489665256,0.9985706489665256,1.0,0.0,,0.047123664838655016
861,1846.0,0.9979921139219082,0.9979921139219082,1.0,0.0,,0.05959664620391648
862,1846.0,0.9975429423151053,0.9975429423151053,1.0,0.0,,0.05533286322652143
863,1846.0,0.9986914001707228,0.9986914001707228,1.0,0.0,,0.04363079609329287
864,1846.0,0.9990822647954984,0.9990822647954984,1.0,0.0,,0.04657554436795999
865,1846.0,0.9975123453185687,0.9975123453185687,1.0,0.0,,0.0591484324868304
866,1846.0,0.9967923683512849,0.996792368351285,1.0,0.0,,0.061674208973917996
867,1846.0,0.9984131877008335,0.9984131877008335,1.0,0.0,,0.05613284191128054
868,1846.0,0.9960814526246001,0.9960814526246001,1.0,0.0,,0.059990565397828086
869,1846.0,0.9976845275355677,0.9976845275355677,1.0,0.0,,0.06240638884323172
870,1846.0,0.9980166359002899,0.9980166359002899,1.0,0.0,,0.047227853304301445
871,1846.0,0.9984080257095479,0.9984080257095479,1.0,0.0,,0.049509310055874424
872,1846.0,0.9976368697901258,0.9976368697901258,1.0,0.0,,0.0542094618787282
873,1846.0,0.9981520000926466,0.9981520000926466,1.0,0.0,,0.05357225159444985
874,1846.0,0.9984706027363558,0.9984706027363558,1.0,0.0,,0.05137543803613653
875,1846.0,0.9987687490917432,0.9987687490917432,1.0,0.0,,0.037365890444176764
876,1846.0,0.998654500199755,0.998654500199755,1.0,0.0,,0.055972603013110314
877,1846.0,0.9976491804815634,0.9976491804815634,1.0,0.0,,0.05187815496905836
878,1846.0,0.9981755429421053,0.9981755429421053,1.0,0.0,,0.05690324211714744
879,1846.0,0.9987006907896849,0.9987006907896849,1.0,0.0,,0.04093772658567336
880,1846.0,0.9981670392797186,0.9981670392797186,1.0,0.0,,0.05269054870258634
881,1846.0,0.9991115281905407,0.9991115281905407,1.0,0.0,,0.03053101015885808
882,1846.0,0.998972278642124,0.998972278642124,1.0,0.0,,0.04366363507065784
883,1846.0,0.9981662054519258,0.9981662054519258,1.0,0.0,,0.049008655920663655
884,1846.0,0.9973741063753385,0.9973741063753385,1.0,0.0,,0.05828052256650546
885,1846.0,0.9990313990574271,0.9990313990574273,1.0,0.0,,0.037495132282394844
886,1846.0,0.9984516323602823,0.9984516323602823,1.0,0.0,,0.05487750045309778
887,1846.0,0.9986864717054812,0.9986864717054812,1.0,0.0,,0.04860408560655958
888,1846.0,0.9982238066877623,0.9982238066877623,1.0,0.0,,0.05250289440345539
889,1846.0,0.9978777206183835,0.9978777206183835,1.0,0.0,,0.0463936550123216
890,1846.0,0.9989837457599015,0.9989837457599015,1.0,0.0,,0.047126514301983426
891,1846.0,0.998365330425519,0.998365330425519,1.0,0.0,,0.04873409203900209
892,1846.0,0.9981632536039798,0.9981632536039798,1.0,0.0,,0.046053714085917796
893,1846.0,0.9979222884674454,0.9979222884674454,1.0,0.0,,0.060387883841667565
894,1846.0,0.998926267600395,0.998926267600395,1.0,0.0,,0.050582862692556754
895,1846.0,0.9975549304015189,0.9975549304015189,1.0,0.0,,0.05249406662819288
896,1846.0,0.9984740000189931,0.9984740000189931,1.0,0.0,,0.058399998271579635
897,1846.0,0.997804060776757,0.997804060776757,1.0,0.0,,0.05247688628159916
898,1846.0,0.9985783504089802,0.9985783504089802,1.0,0.0,,0.041744281148454264
899,1846.0,0.9941588074159974,0.9941588074159974,1.0,0.0,,0.07866835910039482
900,1846.0,0.9969335695337582,0.9969335695337582,1.0,0.0,,0.05407790916451459
901,1846.0,0.9988274831949007,0.9988274831949007,1.0,0.0,,0.04860324297533847
902,1846.0,0.9983514218051872,0.9983514218051872,1.0,0.0,,0.04967560812239768
903,1846.0,0.9970830950821664,0.9970830950821664,1.0,0.0,,0.061510248119301655
904,1846.0,0.9962711959156204,0.9962711959156204,1.0,0.0,,0.06226333684260904
905,1846.0,0.9985411727626644,0.9985411727626644,1.0,0.0,,0.04958542837197508
906,1846.0,0.999024175703251,0.999024175703251,1.0,0.0,,0.038290691597175866
907,1846.0,0.9981909429976112,0.998190942997611,1.0,0.0,,0.049322086585012644
908,1846.0,0.9987859363260368,0.9987859363260368,1.0,0.0,,0.050017639590577784
909,1846.0,0.9984906027466214,0.9984906027466214,1.0,0.0,,0.05101170966084227
910,1846.0,0.9978897088445029,0.9978897088445029,1.0,0.0,,0.0492781804526691
911,1846.0,0.9985508880421439,0.9985508880421439,1.0,0.0,,0.04737911237267205
912,1846.0,0.9986556876850183,0.9986556876850183,1.0,0.0,,0.047026719386706974
913,1846.0,0.9987111924764486,0.9987111924764486,1.0,0.0,,0.04629670006792515
914,1846.0,0.9981245678934427,0.9981245678934427,1.0,0.0,,0.048134315620251104
915,1846.0,0.9978782539762155,0.9978782539762155,1.0,0.0,,0.05011743488145817
916,1846.0,0.9989059553774016,0.9989059553774016,1.0,0.0,,0.04039708080440827
917,1846.0,0.997796457542498,0.997796457542498,1.0,0.0,,0.05788063478323166
918,1846.0,0.9983794087243195,0.9983794087243195,1.0,0.0,,0.056451546000310326
919,1846.0,0.9982608833850615,0.9982608833850615,1.0,0.0,,0.049881723352708615
920,1846.0,0.9985391511537646,0.9985391511537646,1.0,0.0,,0.0450208126663985
921,1846.0,0.9979336465186722,0.9979336465186722,1.0,0.0,,0.052902713155387165
922,1846.0,0.998528182512755,0.998528182512755,1.0,0.0,,0.04474508449640275
923,1846.0,0.9961124870597156,0.9961124870597154,1.0,0.0,,0.0619691949650358
924,1846.0,0.9977596805775918,0.9977596805775918,1.0,0.0,,0.045609460740628
925,1846.0,0.9986457307286342,0.9986457307286342,1.0,0.0,,0.046581725431621514
926,1846.0,0.9974854238844163,0.9974854238844163,1.0,0.0,,0.056365582252891865
927,1846.0,0.9986581938880402,0.9986581938880402,1.0,0.0,,0.05310035946494242
928,1846.0,0.9989245464940064,0.9989245464940064,1.0,0.0,,0.04422657615838881
929,1846.0,0.9983119431498169,0.9983119431498169,1.0,0.0,,0.04317996713607414
930,1846.0,0.9986953263095174,0.9986953263095174,1.0,0.0,,0.047582514570294346
931,1846.0,0.9988785510179515,0.9988785510179515,1.0,0.0,,0.058423198732071815
932,1846.0,0.9981729530669491,0.9981729530669491,1.0,0.0,,0.05608962253219833
933,1846.0,0.997169416704473,0.997169416704473,1.0,0.0,,0.05713719932958636
934,1846.0,0.9979614446435543,0.9979614446435543,1.0,0.0,,0.050099428620829216
935,1846.0,0.9981186066668232,0.9981186066668232,1.0,0.0,,0.05283143265378451
936,1846.0,0.9984299573493252,0.9984299573493252,1.0,0.0,,0.05285143691114656
937,1846.0,0.9984158299846246,0.9984158299846246,1.0,0.0,,0.04891969509351559
938,1846.0,0.9983708738979916,0.9983708738979918,1.0,0.0,,0.05052660843192612
939,1846.0,0.996509460431147,0.996509460431147,1.0,0.0,,0.06048967028814276
940,1846.0,0.998321183368192,0.998321183368192,1.0,0.0,,0.0505090532396054
941,1846.0,0.998178479108815,0.998178479108815,1.0,0.0,,0.0491942525315854
942,1846.0,0.9984277508360749,0.9984277508360749,1.0,0.0,,0.04988522410952504
943,1846.0,0.9980893646998249,0.9980893646998249,1.0,0.0,,0.054810318154821555
944,1846.0,0.9982349822155666,0.9982349822155666,1.0,0.0,,0.04887795069922675
945,1846.0,0.9981505063236616,0.9981505063236616,1.0,0.0,,0.05049819788376537
946,1846.0,0.9977694861992195,0.9977694861992195,1.0,0.0,,0.049575691795201195
947,1846.0,0.9979932379833275,0.9979932379833275,1.0,0.0,,0.05145839631578999
948,1846.0,0.9985322886445435,0.9985322886445435,1.0,0.0,,0.04908500150976074
949,1846.0,0.9983869073156313,0.9983869073156313,1.0,0.0,,0.04772985526842172
950,1846.0,0.9979464409455461,0.9979464409455461,1.0,0.0,,0.05799748177845455
951,1846.0,0.9984599210005449,0.9984599210005449,1.0,0.0,,0.045936635887799566
952,1846.0,0.9989618956781077,0.9989618956781077,1.0,0.0,,0.047151808833312873
953,1846.0,0.9982364916396355,0.9982364916396355,1.0,0.0,,0.05379875014142866
954,1846.0,0.9973649547379293,0.9973649547379295,1.0,0.0,,0.06067429490954779
955,1846.0,0.9981688968276902,0.9981688968276902,1.0,0.0,,0.05251255721719152
956,1846.0,0.9987185867836431,0.9987185867836431,1.0,0.0,,0.051328419257407484
957,1846.0,0.9978855044028495,0.9978855044028495,1.0,0.0,,0.05332265491559565
958,1846.0,0.9971628923605449,0.9971628923605449,1.0,0.0,,0.0600990682675097
959,1846.0,0.998437744209272,0.998437744209272,1.0,0.0,,0.04713667251593633
960,1846.0,0.9985630423451922,0.9985630423451922,1.0,0.0,,0.05227270788742788
961,1846.0,0.9971365900823215,0.9971365900823215,1.0,0.0,,0.059455022197327095
962,1846.0,0.997701479490892,0.997701479490892,1.0,0.0,,0.053100496252404435
963,1846.0,0.998780773686063,0.998780773686063,1.0,0.0,,0.049688581275471676
964,1846.0,0.9969569382220068,0.9969569382220068,1.0,0.0,,0.059618351963494104
965,1846.0,0.9981158903502149,0.9981158903502149,1.0,0.0,,0.044565563897518486
966,1846.0,0.9980823870219814,0.9980823870219814,1.0,0.0,,0.04816289040368153
967,1846.0,0.9970259069703913,0.9970259069703913,1.0,0.0,,0.06248436246699726
968,1846.0,0.9978380830492027,0.9978380830492027,1.0,0.0,,0.04735854245418536
969,1846.0,0.9981281180897553,0.9981281180897553,1.0,0.0,,0.05370628332527886
970,1846.0,0.9974325068364278,0.9974325068364278,1.0,0.0,,0.055420462550733275
971,1846.0,0.9983308934526115,0.9983308934526115,1.0,0.0,,0.05309120542516233
972,1846.0,0.9938621491772479,0.9938621491772479,1.0,0.0,,0.0781090589349586
973,1846.0,0.9985971436276373,0.9985971436276373,1.0,0.0,,0.052704636165418976
974,1846.0,0.9986691663834082,0.9986691663834082,1.0,0.0,,0.04715064939248516
975,1846.0,0.998706788594235,0.998706788594235,1.0,0.0,,0.04150277734498175
976,1846.0,0.9986131281669445,0.9986131281669445,1.0,0.0,,0.04729461525438232
977,1846.0,0.9989464945417001,0.9989464945417001,1.0,0.0,,0.04123952346339195
978,1846.0,0.9976302617293337,0.9976302617293337,1.0,0.0,,0.05930160808811465
979,1846.0,0.9986814784682251,0.9986814784682251,1.0,0.0,,0.04717627655386055
980,1846.0,0.9953763891319933,0.9953763891319933,1.0,0.0,,0.07367883542810276
981,1846.0,0.9985902315720189,0.9985902315720189,1.0,0.0,,0.04335151548551636
982,1846.0,0.9979290683420768,0.9979290683420768,1.0,0.0,,0.06416023247310278
983,1846.0,0.9973415954211873,0.9973415954211873,1.0,0.0,,0.05745432874851962
984,1846.0,0.9977056004054393,0.9977056004054393,1.0,0.0,,0.058533648353205306
985,1846.0,0.9980372866877246,0.9980372866877248,1.0,0.0,,0.05330047276862351
986,1846.0,0.9978128874983624,0.9978128874983624,1.0,0.0,,0.056944947275859005
987,1846.0,0.9976148023032346,0.9976148023032346,1.0,0.0,,0.05591518391693739
988,1846.0,0.9985636862671363,0.9985636862671363,1.0,0.0,,0.057344639665237306
989,1846.0,0.999168036910865,0.999168036910865,1.0,0.0,,0.04176160839362011
990,1846.0,0.9984475116359935,0.9984475116359935,1.0,0.0,,0.05140415230686042
991,1846.0,0.9977136956010328,0.9977136956010328,1.0,0.0,,0.05395501329408493
992,1846.0,0.998521585632184,0.998521585632184,1.0,0.0,,0.046622739248831944
993,1846.0,0.9983973539641694,0.9983973539641694,1.0,0.0,,0.05042904690068466
994,1846.0,0.9987233942841615,0.9987233942841615,1.0,0.0,,0.03836430251117362
995,1846.0,0.9975728904567159,0.9975728904567159,1.0,0.0,,0.05400998943083315
996,1846.0,0.9984383698623968,0.9984383698623968,1.0,0.0,,0.047467801744151675
997,1846.0,0.9976784564677973,0.9976784564677972,1.0,0.0,,0.05584294556421843
998,1846.0,0.9981170235637925,0.9981170235637925,1.0,0.0,,0.04567932219438391
999,1846.0,0.9979374690527364,0.9979374690527364,1.0,0.0,,0.048640996484273134
