party,target_a,target_b,delta_balanced,delta_continuous,delta_full,delta_stable,stable_minus_full,same_sign_full_stable
COMUNES,P1,P2,-0.014717135121429914,0.008571763042767078,-0.014717135121429914,0.008571763042767078,0.02328889816419699,False
COMUNES,P1,P3,-0.0032881177310749576,0.020000780433122034,-0.0032881177310749576,0.020000780433122034,0.02328889816419699,False
COMUNES,P2,P3,0.011429017390354956,0.011429017390354956,0.011429017390354956,0.011429017390354956,0.0,True
DC,P1,P2,-0.1268198503107875,-0.10671120483761048,-0.1268198503107875,-0.1323289449281445,-0.005509094617357019,True
DC,P1,P3,-0.29570990813760956,-0.24899281128775752,-0.29570990813760956,-0.30121900275496655,-0.005509094617356991,True
DC,P2,P3,-0.16889005782682204,-0.14228160645014704,-0.16889005782682204,-0.16889005782682204,0.0,True
EVOP,P1,P2,-0.003077416446482406,-0.003077416446482406,-0.003077416446482406,-0.003077416446482406,0.0,True
EVOP,P1,P3,0.011438638417929026,0.011438638417929026,0.011438638417929026,0.011438638417929026,0.0,True
EVOP,P2,P3,0.014516054864411432,0.014516054864411432,0.014516054864411432,0.014516054864411432,0.0,True
FRVS,P1,P2,0.010750105513732011,0.010750105513732011,0.010750105513732011,0.010750105513732011,0.0,True
FRVS,P1,P3,0.02508357953203999,0.02508357953203999,0.02508357953203999,0.02508357953203999,0.0,True
FRVS,P2,P3,0.014333474018307979,0.014333474018307979,0.014333474018307979,0.014333474018307979,0.0,True
IND,P1,P2,-0.07888738680247154,-0.13987978969972595,0.022194377652728914,-0.13987978969972595,-0.16207416735245486,False
IND,P1,P3,-0.32223831213205445,-0.1849575515307065,-0.221156547676854,-0.1849575515307065,0.036198996146147494,True
IND,P2,P3,-0.2433509253295829,-0.045077761830980556,-0.2433509253295829,-0.045077761830980556,0.19827316349860236,True
LIBERAL,P1,P2,-0.02940765098629905,-0.02940765098629905,-0.02940765098629905,-0.02940765098629905,0.0,True
LIBERAL,P1,P3,-0.06861785230136497,-0.06861785230136497,-0.06861785230136497,-0.06861785230136497,0.0,True
LIBERAL,P2,P3,-0.03921020131506592,-0.03921020131506592,-0.03921020131506592,-0.03921020131506592,0.0,True
PC,P1,P2,-0.06912923632447898,-0.06912923632447898,-0.07077194024346356,-0.06912923632447898,0.0016427039189845782,True
PC,P1,P3,-0.16573622174705493,-0.16573622174705493,-0.16496329885762262,-0.16573622174705493,-0.0007729228894323148,True
PC,P2,P3,-0.09660698542257595,-0.09660698542257595,-0.09419135861415906,-0.09660698542257595,-0.002415626808416893,True
PCS,P2,P3,-0.004848914365775947,,-0.006887353751518499,,,False
PEV,P1,P2,-0.036668216639481055,-0.036668216639481055,-0.036668216639481055,-0.036668216639481055,0.0,True
PEV,P1,P3,-0.08555917215879105,-0.08555917215879105,-0.08555917215879105,-0.08555917215879105,0.0,True
PEV,P2,P3,-0.04889095551931,-0.04889095551931,-0.04889095551931,-0.04889095551931,0.0,True
PH,P1,P2,-0.005310133549116913,-0.042179495925640964,-0.005310133549116913,-0.012780657621394464,-0.007470524072277551,True
PH,P1,P3,-0.022351010377643532,-0.09841882382649603,-0.022351010377643532,-0.029821534449921083,-0.007470524072277551,True
PH,P2,P3,-0.01704087682852662,-0.05623932790085506,-0.01704087682852662,-0.01704087682852662,0.0,True
PPD,P1,P2,-0.09070093344046593,-0.06086521020687141,-0.06539191293138602,-0.09070093344046593,-0.025309020509079905,True
PPD,P1,P3,-0.18930803444821998,-0.14201882381603348,-0.22672668800357898,-0.18930803444821998,0.037418653555359005,True
PPD,P2,P3,-0.09860710100775405,-0.08115361360916207,-0.16133477507219296,-0.09860710100775405,0.06272767406443891,True
PR,P1,P2,-0.06982488806307,-0.09202351246152102,-0.06982488806307,-0.06982488806307,0.0,True
PR,P1,P3,-0.21677417156030296,-0.21472152907688197,-0.21677417156030296,-0.21677417156030296,0.0,True
PR,P2,P3,-0.14694928349723296,-0.12269801661536095,-0.14694928349723296,-0.14694928349723296,0.0,True
PRI,P1,P2,-0.017423853088821994,-0.017423853088821994,-0.017423853088821994,-0.017423853088821994,0.0,True
PRI,P1,P3,-0.04065565720725095,-0.04065565720725095,-0.04065565720725095,-0.04065565720725095,0.0,True
PRI,P2,P3,-0.023231804118428956,-0.023231804118428956,-0.023231804118428956,-0.023231804118428956,0.0,True
PRO,P2,P3,-0.10108457007247296,,-0.10108457007247296,,,False
PS,P1,P2,-0.05288348930162601,-0.052046564337973944,-0.05288348930162601,-0.05288348930162601,0.0,True
PS,P1,P3,-0.15293739713634014,-0.142776197079302,-0.15293739713634014,-0.15293739713634014,0.0,True
PS,P2,P3,-0.10005390783471413,-0.09072963274132806,-0.10005390783471413,-0.10005390783471413,0.0,True
RD,P1,P2,-0.053947108536857025,-0.04801820734940099,-0.05380800101982841,-0.04801820734940099,0.005789793670427423,True
RD,P1,P3,-0.110926095913784,-0.110926095913784,-0.10617299092979637,-0.110926095913784,-0.004753104983987622,True
RD,P2,P3,-0.05697898737692697,-0.06290788856438301,-0.05236498990996796,-0.06290788856438301,-0.010542898654415045,True
RN,P1,P2,-0.05248506382783247,-0.06406774281039407,-0.04133502131745148,-0.06247803822817599,-0.02114301691072451,True
RN,P1,P3,-0.12344151935453596,-0.1379633274010481,-0.125415464012546,-0.13272211297151704,-0.00730664895897104,True
RN,P2,P3,-0.07095645552670349,-0.07389558459065404,-0.08408044269509451,-0.07024407474334105,0.01383636795175347,True
UDI,P1,P2,-0.07070103305856701,-0.03830533683784498,-0.06245524919811252,-0.07070103305856701,-0.008245783860454492,True
UDI,P1,P3,-0.12930091496359197,-0.088839371347887,-0.088839371347887,-0.12930091496359197,-0.040461543615704976,True
UDI,P2,P3,-0.058599881905024964,-0.050534034510042014,-0.02638412214977448,-0.058599881905024964,-0.032215759755250484,True
