legislator_id,first_period,last_period,observed_period_count,parties_at_targets,in_full,in_balanced,in_stable,in_continuous,in_bridge
1000,1,12,12,PS,True,True,True,True,False
1001,1,12,12,PS,True,True,True,True,False
1002,1,12,12,PS,True,True,True,True,False
1003,2,12,11,UDI,True,True,True,False,False
1005,1,12,12,UDI,True,True,True,True,False
1006,1,12,12,PC,True,True,True,True,False
1008,1,12,12,PH,True,True,True,True,False
1009,1,12,12,UDI,True,True,True,True,False
1010,1,12,12,EVOP,True,True,True,True,False
1011,2,12,11,UDI,True,True,True,False,False
1012,1,12,12,PC,True,True,True,True,False
1013,1,12,12,LIBERAL,True,True,True,True,False
1014,1,12,12,IND,True,True,True,True,False
1015,1,12,12,RD,True,True,True,True,False
1016,1,12,12,DC,True,True,True,True,False
1017,1,12,12,UDI,True,True,True,True,False
1018,1,12,12,RD,True,True,True,True,False
1019,1,12,12,RN,True,True,True,True,False
1020,1,12,12,PPD,True,True,True,True,False
1021,1,12,12,RN,True,True,True,True,False
1022,1,12,12,RN,True,True,True,True,False
1023,1,12,12,RD,True,True,True,True,False
1024,1,12,12,EVOP,True,True,True,True,False
1025,1,12,12,RN,True,True,True,True,False
1026,1,8,8,RN,True,False,False,False,False
1027,1,12,12,RN,True,True,True,True,False
1028,1,12,12,RN,True,True,True,True,False
1029,1,12,12,RN,True,True,True,True,False
1030,1,12,12,RN,True,True,True,True,False
1031,1,12,12,UDI,True,True,True,True,False
1032,1,12,12,RN,True,True,True,True,False
1033,1,9,9,RD,True,False,False,False,False
1034,1,12,12,PEV,True,True,True,True,False
1035,1,12,12,PC,True,True,True,True,False
1036,1,12,12,IND|PH,True,True,False,False,False
1037,1,12,12,IND|PCS,True,True,False,False,False
1038,1,12,12,PS,True,True,True,True,False
1039,1,12,11,PH,True,True,True,False,False
1040,1,12,12,RN,True,True,True,True,False
1041,1,12,12,EVOP,True,True,True,True,False
1042,1,12,12,EVOP,True,True,True,True,False
1043,1,12,12,PC,True,True,True,True,False
1044,1,12,12,PS,True,True,True,True,False
1045,1,12,11,RN,True,True,True,False,False
1046,2,12,11,RN,True,True,True,False,False
1047,1,12,12,RN,True,True,True,True,False
1048,1,12,12,PPD,True,True,True,True,False
1049,1,12,12,PR,True,True,True,True,False
1050,1,12,12,RN,True,True,True,True,False
1051,1,12,12,COMUNES,True,True,True,True,False
1052,1,12,12,EVOP,True,True,True,True,False
1053,1,12,12,UDI,True,True,True,True,False
1054,1,12,12,RN,True,True,True,True,False
1055,1,12,12,UDI,True,True,True,True,False
1056,1,12,12,PS,True,True,True,True,False
1057,1,12,12,IND,True,True,True,True,False
1058,1,12,12,RD,True,True,True,True,False
1059,1,12,12,RN,True,True,True,True,False
1060,1,12,12,RN,True,True,True,True,False
1061,2,12,11,PPD,True,True,True,False,False
1062,1,12,12,DC,True,True,True,True,False
1063,1,12,12,RD,True,True,True,True,False
1064,1,12,12,IND,True,True,True,True,False
1065,1,12,12,UDI,True,True,True,True,False
1066,1,12,12,UDI,True,True,True,True,False
1067,1,12,12,RN,True,True,True,True,False
1068,1,12,12,COMUNES|IND,True,True,False,False,False
1069,1,12,12,RN,True,True,True,True,False
1070,1,12,12,IND,True,True,True,True,False
1071,1,12,12,PS,True,True,True,True,False
1072,1,12,12,UDI,True,True,True,True,False
1073,1,12,12,PS,True,True,True,True,False
1074,1,12,12,IND|PRO,True,True,False,False,False
1075,1,12,12,RN,True,True,True,True,False
1076,1,12,12,PR,True,True,True,True,False
1077,1,12,12,DC|IND,True,True,False,False,False
1078,1,12,12,PS,True,True,True,True,False
1079,1,12,12,RN,True,True,True,True,False
1080,2,12,11,UDI,True,True,True,False,False
1081,1,12,12,EVOP,True,True,True,True,False
1082,1,12,12,PREP|RN,True,True,False,False,False
1083,1,12,12,FRVS,True,True,True,True,False
1084,1,12,12,DC,True,True,True,True,False
1085,1,12,12,RD,True,True,True,True,False
1086,1,12,12,IND|RD,True,True,False,False,False
1087,1,12,12,IND|RD,True,True,False,False,False
1088,8,12,5,RN,True,False,False,False,False
1089,8,12,5,UDI,True,False,False,False,False
1090,8,12,5,RN,True,False,False,False,False
1091,10,12,3,PC,True,False,False,False,False
1092,10,12,3,RD,True,False,False,False,False
1093,10,12,3,PPD,True,False,False,False,False
1094,10,12,3,UDI,True,False,False,False,False
1095,11,12,2,UDI,True,False,False,False,False
172,1,12,12,RN,True,True,True,True,False
660,1,12,12,DC,True,True,True,True,False
74,1,12,12,PS,True,True,True,True,False
803,1,12,12,IND,True,True,True,True,False
810,1,12,12,DC,True,True,True,True,False
811,1,12,12,UDI,True,True,True,True,False
815,1,12,12,UDI,True,True,True,True,False
827,1,12,12,PS,True,True,True,True,False
837,1,12,12,PS,True,True,True,True,False
843,2,12,11,RN,True,True,True,False,False
848,1,12,12,PPD,True,True,True,True,False
850,1,12,12,UDI,True,True,True,True,False
855,1,12,12,PR,True,True,True,True,False
856,1,12,11,PPD,True,False,False,False,False
862,1,12,12,DC,True,True,True,True,False
865,1,10,10,UDI,True,False,False,False,False
866,2,12,11,PR,True,True,True,False,False
869,1,12,12,PS,True,True,True,True,False
872,2,12,11,DC,True,True,True,False,False
875,1,12,12,UDI,True,True,True,True,False
879,1,12,12,DC,True,True,True,True,False
885,1,12,12,PR,True,True,True,True,False
893,1,12,12,DC,True,True,True,True,False
897,1,12,12,PRI,True,True,True,True,False
898,1,12,12,DC,True,True,True,True,False
908,1,12,12,UDI,True,True,True,False,False
913,2,12,11,DC,True,True,True,False,False
917,1,12,12,UDI,True,True,True,True,False
920,1,12,12,PS,True,True,True,True,False
923,1,12,12,UDI,True,True,True,True,False
925,1,12,12,IND,True,True,True,True,False
926,1,12,12,UDI,True,True,True,True,False
931,1,12,12,PS,True,True,True,True,False
936,1,12,12,PPD,True,True,True,True,False
937,1,9,9,PC,True,False,False,False,False
940,2,12,11,UDI,True,True,True,False,False
942,1,12,12,UDI,True,True,True,True,False
945,1,12,12,UDI,True,True,True,True,False
946,1,12,12,RN,True,True,True,True,False
949,1,8,7,RN,True,False,False,False,False
950,1,12,12,IND,True,True,True,True,False
952,1,12,12,RN,True,True,True,True,False
953,1,12,12,RN,True,True,True,True,False
956,1,12,12,PC,True,True,True,True,False
957,1,12,12,DC,True,True,True,True,False
959,1,12,12,UDI,True,True,True,True,False
961,1,12,12,IND,True,True,True,True,False
963,1,12,12,DC,True,True,True,True,False
967,1,10,10,UDI,True,False,False,False,False
968,2,12,11,PS,True,True,True,False,False
970,1,8,8,UDI,True,False,False,False,False
971,1,12,12,RN,True,True,True,True,False
972,1,11,11,IND|PCS,True,False,False,False,False
973,1,12,12,PC,True,True,True,True,False
974,1,9,9,PPD,True,False,False,False,False
975,1,12,12,PS,True,True,True,True,False
976,1,12,12,UDI,True,True,True,True,False
981,1,12,12,PS,True,True,True,True,False
982,1,12,12,DC,True,True,True,True,False
984,2,12,11,RN,True,True,True,False,False
985,1,12,12,UDI,True,True,True,True,False
986,1,12,12,PR,True,True,True,True,False
987,1,12,12,RD,True,True,True,True,False
989,1,12,12,UDI,True,True,True,True,False
991,1,12,12,LIBERAL,True,True,True,True,False
993,1,12,12,PC,True,True,True,True,False
994,2,12,11,RN,True,True,True,False,False
995,1,12,12,RN,True,True,True,True,False
999,1,12,12,RN,True,True,True,True,False
