party,target,boot_mean_orth,boot_se_orth,observed_orth,bias_orth,boot_mean_scaled,boot_se_scaled,observed_scaled,bias_scaled,bias_ratio_scaled_over_orth,se_ratio_scaled_over_orth
COMUNES,P1,-0.8952882224609883,0.016014339057369778,-0.8544919390865344,-0.040796283374453846,-0.8517809820274387,0.016071812901723572,-0.8544919390865344,0.002710957059095742,-0.06645107923711775,1.0035888989328814
COMUNES,P2,-0.884392934930395,0.019168481734231822,-0.826897989021932,-0.057494945908462936,-0.8414093557388282,0.018677043957448125,-0.826897989021932,-0.014511366716896235,0.2523937797941339,0.9743621960467496
COMUNES,P3,-0.8433877742759216,0.0378417392538549,-0.762829228096001,-0.08055854617992064,-0.8023874427767548,0.0359843594275682,-0.762829228096001,-0.03955821468075382,0.49104926238867225,0.95091716546571
DC,P1,-0.17288321782509775,0.012166825573779478,-0.183922449758638,0.011039231933540256,-0.16447833821487137,0.011567413931943748,-0.183922449758638,0.01944411154376663,1.7613645279695602,0.9507339331692638
DC,P2,-0.16716423299463415,0.014868610330826409,-0.1461147917295805,-0.021049441265053648,-0.15905102947393462,0.014266917494654084,-0.1461147917295805,-0.012936237744354123,0.6145644238942773,0.9595326783885874
DC,P3,-0.13438928969740624,0.020182645251221862,-0.095715177969928,-0.03867411172747824,-0.12788479336355085,0.019389633819198098,-0.095715177969928,-0.032169615393622855,0.8318126508065629,0.9607082509674615
EVOP,P1,0.6791095593646412,0.01984591106665729,0.6458918157122835,0.033217743652357745,0.6460580613429535,0.017530983859456235,0.6458918157122835,0.0001662456306700255,0.0050047237527593375,0.8833549541048625
EVOP,P2,0.6569810196113686,0.017410250997363416,0.681520841543355,-0.02453982193198645,0.6250059863088163,0.015085601954795734,0.681520841543355,-0.0565148552345387,2.3029855469682268,0.8664781430825022
EVOP,P3,0.6373850531271298,0.03618667085706268,0.7447161050215675,-0.1073310518944377,0.6063446302722181,0.033434579604922486,0.7447161050215675,-0.1383714747493494,1.2892026334134934,0.9239473765627417
FRVS,P1,-0.7302915562728413,0.017530797887648244,-0.689142588320414,-0.041148967952427284,-0.6947961067915567,0.016930042650214683,-0.689142588320414,-0.0056535184711427044,0.13739150098925423,0.9657314378225285
FRVS,P2,-0.6889626376385037,0.018937873565988843,-0.633417623250118,-0.05554501438838577,-0.6554741343973983,0.01814811517976818,-0.633417623250118,-0.022056511147280355,0.3970925453912976,0.9582974095022464
FRVS,P3,-0.6338574127927203,0.03562212671958036,-0.559117669823057,-0.07473974296966335,-0.6030448378718536,0.03390176460058015,-0.559117669823057,-0.043927168048796594,0.5877350697690586,0.9517052383608927
IND,P1,-0.5925284205989246,0.011864019906699707,-0.552794847202349,-0.03973357339657568,-0.5637259306743593,0.011386558993767028,-0.552794847202349,-0.010931083472010328,0.27510949903520104,0.9597555536245306
IND,P2,-0.5593909832949524,0.016873903338701136,-0.505481288078154,-0.05390969521679845,-0.5322023507195557,0.016215349628102994,-0.505481288078154,-0.026721062641401727,0.49566339661062214,0.9609720586055678
IND,P3,-0.7066922657170208,0.032243221763997285,-0.646605803283654,-0.060086462433366794,-0.6723478526497343,0.030898141461744532,-0.646605803283654,-0.025742049366080266,0.4284167901318379,0.9582833157276278
LIBERAL,P1,-0.6948089847428517,0.013643409872923113,-0.6528740998960305,-0.041934884846821174,-0.6610267778301907,0.012715367614023794,-0.6528740998960305,-0.00815267793416019,0.19441278935044448,0.9319787159116928
LIBERAL,P2,-0.6439550308099963,0.016169395905520776,-0.587224246865672,-0.05673078394432429,-0.6126449815056888,0.015174050847712627,-0.587224246865672,-0.025420734640016818,0.44809418930231565,0.9384426565083792
LIBERAL,P3,-0.5761497588995227,0.02449693859501603,-0.49969110949186096,-0.07645864940766173,-0.5481359197396862,0.023185746952704155,-0.49969110949186096,-0.048444810247825265,0.6336079779480218,0.9464752855861491
PC,P1,-0.8473714853791471,0.010093550872892057,-0.7993144026531745,-0.04805708272597253,-0.8061787489976224,0.009649082954430673,-0.7993144026531745,-0.00686434634444788,0.14283734998208772,0.955965157945052
PC,P2,-0.8537431014831839,0.012193846726322963,-0.7936357390698935,-0.0601073624132904,-0.8122472266055025,0.012098273676433326,-0.7936357390698935,-0.01861148753560904,0.3096374019481819,0.9921621903215068
PC,P3,-0.8587750490206904,0.01906590977639823,-0.7832173384037211,-0.07555771061696925,-0.8170483107424213,0.019060647975805995,-0.7832173384037211,-0.03383097233870025,0.4477500980701004,0.9997240204818997
PCS,P2,-0.8214602293849878,0.021674484593391493,-0.764990857940143,-0.05646937144484476,-0.7815411805406943,0.02117444336742218,-0.764990857940143,-0.016550322600551337,0.29308494458303835,0.9769294986547559
PCS,P3,-0.7979963218655759,0.041596556926953125,-0.713814951146788,-0.08418137071878795,-0.7592214147476894,0.039927751340186314,-0.713814951146788,-0.0454064636009015,0.5393885038126077,0.9598811606042931
PEV,P1,-0.9181141114546169,0.030726970623852025,-0.888423120259268,-0.029690991195348904,-0.8734782622908334,0.02925899446527855,-0.888423120259268,0.014944857968434588,-0.5033465494670215,0.952225158264253
PEV,P2,-0.9202232926419817,0.028819971547478982,-0.881805325554176,-0.03841796708780565,-0.8754872036281027,0.027503017623503392,-0.881805325554176,0.0063181219260732835,-0.16445747667056376,0.9543041212998425
PEV,P3,-0.9230355342251346,0.03731104486059161,-0.87298159928072,-0.05005393494441457,-0.8781657920777952,0.03561992152459017,-0.87298159928072,-0.00518419279707516,0.10357213279699712,0.95467499389738
PH,P1,-0.9362776106247628,0.017293766810352718,-0.906039592307048,-0.030238018317714777,-0.8907584154803265,0.016234664861956866,-0.906039592307048,0.015281176826721476,-0.5053630388790751,0.9387581687662266
PH,P2,-0.925321324763475,0.013600283020776201,-0.8861299463954535,-0.039191378368021446,-0.8803473425502594,0.013515455448972431,-0.8861299463954535,0.005782603845194134,-0.14754785582924282,0.9937628083419893
PH,P3,-0.9226617080328652,0.026352042933412836,-0.8663463808214285,-0.05631532721143673,-0.877835630617466,0.026038265916675067,-0.8663463808214285,-0.011489249796037493,0.20401639065153496,0.988092876991335
PPD,P1,-0.6172702589578498,0.010136326133879641,-0.5639099759450675,-0.053360283012782284,-0.5872596557787583,0.009446159842576567,-0.5639099759450675,-0.02334967983369074,0.43758538214831805,0.9319115937877863
PPD,P2,-0.6059566655467662,0.01338183754866757,-0.539437361584271,-0.06651930396249517,-0.5765017640447976,0.012845735341172188,-0.539437361584271,-0.03706440246052656,0.5571976892816581,0.959938072365199
PPD,P3,-0.6657556390170002,0.02561245517840191,-0.586585825929438,-0.07916981308756221,-0.6333952540424005,0.024473568546538364,-0.586585825929438,-0.046809428112962514,0.5912534877553778,0.9555338750646627
PR,P1,-0.36459676470231145,0.008967913491176194,-0.3271884119416925,-0.037408352760618935,-0.34687253527253487,0.00852718802731194,-0.3271884119416925,-0.01968412333084235,0.5261959396288763,0.9508552949024434
PR,P2,-0.3045423663208634,0.01128347535739991,-0.2547398780288735,-0.04980248829198991,-0.2897471205165219,0.010983354627938919,-0.2547398780288735,-0.035007242487648416,0.7029215544894547,0.9734017472494265
PR,P3,-0.2184785026611416,0.01719198887097771,-0.15820876853474,-0.0602697341264016,-0.2078792773528494,0.01662445548450244,-0.15820876853474,-0.04967050881810939,0.824136849748452,0.9669884973324211
PREP,P3,0.880466697083085,0.04054361116580618,0.935099888835597,-0.05463319175251202,0.8376366662610333,0.0379458925232113,0.935099888835597,-0.09746322257456375,1.7839562260259563,0.9359277931121796
PRI,P1,-0.7264077851536682,0.012107785944150755,-0.679344307863165,-0.0470634772905032,-0.6911036356239094,0.01202117517488956,-0.679344307863165,-0.011759327760744398,0.24986100555551766,0.9928466881013008
PRI,P2,-0.7114597751038153,0.01615718305619838,-0.653324480320846,-0.058135294782969305,-0.6768868176730198,0.015931894394825497,-0.653324480320846,-0.023562337352173834,0.4053017610065754,0.9860564393812165
PRI,P3,-0.6915290950373447,0.02337649254854355,-0.618631376931088,-0.07289771810625667,-0.657931060405167,0.02278618220240286,-0.618631376931088,-0.03929968347407897,0.5391071832563433,0.9747476938674674
PRO,P2,-0.8616999398215347,0.01902558773009455,-0.803800199481086,-0.05789974034044865,-0.8198110625087908,0.018169837736964515,-0.803800199481086,-0.016010863027704714,0.27652737185972415,0.9550211007791146
PRO,P3,-0.8956703170985437,0.03629763204678827,-0.81455792409354,-0.08111239300500372,-0.8521336122059057,0.03467442714288354,-0.81455792409354,-0.03757568811236567,0.46325458687980847,0.9552806942939861
PS,P1,-0.6515820118333014,0.009371236944554143,-0.5997767314616416,-0.05180528037165988,-0.6199022739668137,0.008600393196930251,-0.5997767314616416,-0.020125542505172178,0.3884843853906034,0.9177436498314293
PS,P2,-0.6483886144961514,0.011066546225114333,-0.5837667744180115,-0.06462184007813987,-0.6168710397082803,0.010672804322405551,-0.5837667744180115,-0.033104265290268775,0.5122767357017308,0.9644205251847023
PS,P3,-0.6413658222234128,0.0158277590374111,-0.562420165026505,-0.07894565719690771,-0.6102066670056525,0.01583486190957916,-0.562420165026505,-0.04778650197914747,0.6053088121105572,1.0004487604436783
RD,P1,-0.7657658251651543,0.011129637669754588,-0.717691539937673,-0.04807428522748136,-0.7285432598922554,0.010832386855677618,-0.717691539937673,-0.01085171995458245,0.22572816014286018,0.9732919594602109
RD,P2,-0.7697688581596587,0.01242790897640356,-0.7127977462359025,-0.056971111923756146,-0.7323558297984865,0.012286565933350889,-0.7127977462359025,-0.019558083562583928,0.3432982594539898,0.9886269650573533
RD,P3,-0.7677268778900306,0.02064272685598714,-0.687406900714163,-0.08031997717586759,-0.730413821587964,0.019943273671966993,-0.687406900714163,-0.04300692087380098,0.5354448841492271,0.966116240896862
RN,P1,0.6749051658747153,0.014158928356746822,0.6509953458151335,0.023909820059581754,0.6420597983204368,0.011607036529479763,0.6509953458151335,-0.008935547494696716,-0.373718726131351,0.8197680104758023
RN,P2,0.6449889689772464,0.014116742452070948,0.6493236729265071,-0.00433470394926061,0.6135951325032266,0.0115063005180186,0.6493236729265071,-0.03572854042328044,8.24244073909011,0.8150818474647887
RN,P3,0.5903657747511942,0.02176194091087871,0.636548997692603,-0.04618322294140875,0.5616297435478602,0.01968483990155402,0.636548997692603,-0.07491925414474276,1.6222179694949082,0.9045535038519311
UDI,P1,0.7116497866656754,0.014318055727799432,0.6876353935543025,0.024014393111372878,0.6770153700398298,0.011513893104867997,0.6876353935543025,-0.010620023514472665,-0.4422357652437684,0.8041519968743401
UDI,P2,0.6907638639566109,0.01869514726336465,0.670801850884319,0.01996201307229195,0.6571473294870188,0.016375921713814787,0.670801850884319,-0.013654521397300168,-0.6840252707906085,0.8759450505054508
UDI,P3,0.6860787846461498,0.024850202151304446,0.700220918161659,-0.014142133515509192,0.6526877033505716,0.022528709800418746,0.700220918161659,-0.04753321481108741,3.3611063535045376,0.9065805446269241
