replicate,delta1,delta2,determinant
1,0.9646871026657722,0.9296125205003761,1.0000000000000007
2,0.9513981520879845,0.9073632642962769,1.0000000000000002
3,0.9410643360844003,0.9374686230209315,0.9999999999999994
4,0.946919623331857,0.9341323913116579,1.0
5,0.966073373916763,0.9372143437251221,1.0000000000000009
6,0.9539925239418136,0.9340532724246193,0.9999999999999991
7,0.9460676925415622,0.9390927852450771,1.0
8,0.9539180797254825,0.9203803895910462,1.0
9,0.9388993375643137,0.9398356364263087,1.0000000000000004
10,0.9567789768244919,0.9425477637396166,1.0
11,0.9560212786814755,0.9331758678316869,1.0000000000000004
12,0.9410167947950777,0.934133693594621,0.9999999999999993
13,0.9319874458022791,0.09453784923371313,0.9999999999999998
14,0.9561158635995178,0.9093055656695797,0.9999999999999993
15,0.9674841171776424,0.9200399800212982,0.9999999999999997
16,0.9475007642668597,0.923226266297808,1.0000000000000007
17,0.9528634034017054,0.9262723816836721,1.0000000000000002
18,0.956423564931198,0.9267775206999435,0.9999999999999998
19,0.9444417383813388,0.9291158612740524,0.9999999999999997
20,0.9415100710425574,0.9475777831049347,1.0000000000000002
21,0.9382329659466705,0.9374582612102125,1.0000000000000009
22,0.9508493370185981,0.9419083663299038,0.9999999999999998
23,0.9608955652701647,0.9408399768276879,0.9999999999999998
24,0.9418400345077912,0.9320793529222552,0.9999999999999999
25,0.9543101445611442,0.9294671786993586,0.9999999999999998
26,0.9538063885909902,0.9508191961588435,1.0000000000000004
27,0.9506827331691825,0.9481607609814431,0.9999999999999999
28,0.9385223037540771,0.9255054238623867,0.9999999999999997
29,0.9566916366263082,0.9360326718001077,0.9999999999999994
30,0.9558951382005931,0.9559367840445454,0.9999999999999997
31,0.9543618508828728,0.914897764525921,1.0000000000000002
32,0.9505253831630024,0.9123584000595248,1.0000000000000004
33,0.9548385548269553,0.9201959195999335,1.0000000000000004
34,0.9428373033130186,0.9315522255989097,0.9999999999999994
35,0.9504653788421316,0.9440684427094327,1.0000000000000002
36,0.9579702084781896,0.9260467504595709,0.9999999999999996
37,0.9618011306573168,0.9274288071892995,1.0000000000000009
38,0.9509402490597425,0.9252955964519647,1.0000000000000004
39,0.9424916008021844,0.9411721954197242,1.0000000000000004
40,0.9423378253823382,0.9336120803528297,0.9999999999999996
41,0.949385808653116,0.9148048511031809,0.9999999999999992
42,0.9428502244887547,0.9060749351946492,1.0000000000000009
43,0.9507716385734177,0.9497118187868014,0.9999999999999989
44,0.9558829968609832,0.9162551473710735,1.0000000000000004
45,0.9572126493093752,0.9310055886288113,0.9999999999999999
46,0.9610818453541182,0.9291076085323333,1.0000000000000002
47,0.9467792679305943,0.9206386906346746,1.0
48,0.9416622545342411,0.9548423714727043,0.9999999999999999
49,0.9412705936033567,0.925827111200761,0.9999999999999998
50,0.951323334620609,0.9286838166713942,1.0000000000000002
51,0.9484564956060443,0.942487176795478,1.0
52,0.9530753164010494,0.8886969905220257,1.0000000000000004
53,0.9666802274850881,0.9406706069320129,0.9999999999999994
54,0.9608371504227221,0.9149160027732686,1.0000000000000002
55,0.9453231087088805,0.9149916565459544,1.0000000000000009
56,0.955752003449363,0.9228444697356287,1.000000000000001
57,0.9428247855794797,0.9423115831339038,1.0000000000000004
58,0.9569203461085417,0.9071642616187964,0.9999999999999999
59,0.9432442419920327,0.927029039166503,1.0000000000000004
60,0.950870725717811,0.920021681830511,0.9999999999999997
61,0.9566685429780444,0.9086037112840435,0.9999999999999992
62,0.953157523562662,0.9424894949823096,1.0000000000000002
63,0.9535685393037786,0.9541525835379226,1.0000000000000007
64,0.9515724207691871,0.9540572765729491,1.0
65,0.9518402763594512,0.9196043070344985,0.9999999999999997
66,0.9616796748695078,0.9237542968638643,1.0000000000000007
67,0.9547647829676769,0.904278181812543,1.0000000000000004
68,0.960961054676701,0.9424465086700605,1.0
69,0.9610883938851216,0.9331837091176208,1.0000000000000002
70,0.9549757747470333,0.9351138015388717,1.0
71,0.953661573969433,0.9308121048436371,1.0
72,0.9328777314775644,0.9383866286625996,0.9999999999999996
73,0.9453417608302275,0.9299771703522306,1.0
74,0.9588445510391005,0.9382265518722691,1.0000000000000007
75,0.9492837256424321,0.9248883853718962,1.0000000000000004
76,0.9532334606364629,0.9131163112355091,0.9999999999999997
77,0.9582447849783781,0.920936068971823,1.0
78,0.9663362485879136,0.9196835040093578,0.9999999999999999
79,0.9544921435917698,0.9138066147220154,1.0
80,0.9419507596338601,0.9431177006045909,1.0
81,0.9473325303328387,0.9483541632482977,1.0000000000000004
82,0.9445219559079867,0.9280385354287478,0.9999999999999993
83,0.9548299571580352,0.9216004588464286,0.9999999999999997
84,0.9572464914716646,0.9312355279169943,1.0000000000000004
85,0.9516929971945831,0.9209975844924227,0.9999999999999998
86,0.9489078576189454,0.9611041681596356,1.0
87,0.9626427276188042,0.9490020919829202,1.0000000000000004
88,0.9520811084382991,0.9446169081926707,1.0000000000000002
89,0.956157702731992,0.9194552855904504,0.9999999999999994
90,0.9404637794927159,0.9122278326008902,1.0
91,0.9653143723325224,0.9325907508614301,1.0
92,0.9402234868618558,0.9253894216506972,1.0000000000000007
93,0.9495406516082983,0.9169522569742382,0.9999999999999994
94,0.9556458906503295,0.9348537112205724,1.0000000000000004
95,0.9551885959324931,0.9354571076814333,-1.0000000000000002
96,0.9399916417247036,0.9355808451802331,0.9999999999999999
97,0.9614751660400445,0.9303026819290492,1.0
98,0.9477814098844105,0.9107062985367931,1.0
99,0.9476031266277699,0.9390697443209599,0.9999999999999994
100,0.9545964969116739,0.905558737181791,0.9999999999999998
101,0.9454653421452305,0.9394773817250845,1.0
102,0.9385204700209229,0.9342989599716512,1.0
103,0.9530930004745256,0.9375822067724456,0.9999999999999994
104,0.946654265379023,0.9150299946165705,0.9999999999999992
105,0.9479840962255903,0.8985335263755407,1.0000000000000002
106,0.948954717876121,0.9312614414772167,1.000000000000001
107,0.9515689055514095,0.9381241746961703,1.0
108,0.9451040137854199,0.9496076244067386,0.9999999999999997
109,0.9467277501180889,0.9291639011406094,0.9999999999999997
110,0.9436086072870274,0.9399322107804264,0.9999999999999998
111,0.9486911593018155,0.9300645177588961,1.0
112,0.9613651275101703,0.9020261737162735,0.9999999999999999
113,0.9514678475409863,0.940023024878082,1.0000000000000004
114,0.947513882818291,0.9374671278333048,1.0000000000000002
115,0.9497018459322472,0.9525879234458186,1.0
116,0.9444657578404322,0.9465198250332334,1.0
117,0.9614256643988431,0.9374824855966174,0.9999999999999999
118,0.9390790042509104,0.9217435107264861,0.9999999999999999
119,0.9508619519905108,0.9462344175211084,1.0000000000000002
120,0.9518624802110343,0.9260865494629709,1.0000000000000004
121,0.9551430965355188,0.9287659683263172,0.9999999999999999
122,0.9514959284827588,0.944095825608644,1.0
123,0.9481269852053326,0.9025376754319595,0.9999999999999999
124,0.9522868636212237,0.9290670678210896,0.9999999999999996
125,0.9507699309796486,0.916916048436535,1.0000000000000007
126,0.9508837258321294,0.9484846741986775,1.0000000000000002
127,0.9438854420818701,0.9494502710077821,1.000000000000001
128,0.9583623958502314,0.9270891188364204,0.9999999999999994
129,0.9548001638168669,0.9216351329146967,0.999999999999999
130,0.9507774992607956,0.9292691127534563,0.9999999999999998
131,0.9445976072554821,0.9215305779366735,1.0000000000000002
132,0.9551806637203389,0.9198325831730427,1.0000000000000009
133,0.9445621582066803,0.9128679894913821,1.0000000000000004
134,0.963632308814419,0.9300698503595308,1.0
135,0.9497166317607364,0.919785358373909,1.0000000000000009
136,0.9596597999233533,0.9427595934187367,1.0000000000000004
137,0.9515771122447487,0.9200406836362446,1.0000000000000004
138,0.9415474120268524,0.9300025714474464,1.0000000000000002
139,0.9562376860383514,0.913042450551797,1.0
140,0.9433466354205199,0.9527449825261524,1.000000000000001
141,0.9459290767233176,0.9487418869969727,0.9999999999999999
142,0.958785809125385,0.9181107042352821,0.9999999999999997
143,0.9389536726410028,0.9436127499658765,0.9999999999999999
144,0.9450667051832281,0.9426052024938854,1.0000000000000007
145,0.9412178067596443,0.9426625479105822,1.0000000000000007
146,0.9495236292986245,0.9451314497771178,1.0
147,0.9514033489980445,0.9462564315008184,0.9999999999999999
148,0.9462735163928018,0.9293063559177047,0.9999999999999998
149,0.9572524518054307,0.9265971015489984,0.9999999999999998
150,0.9499163417266026,0.9192485931773715,0.9999999999999998
151,0.9492099648391236,0.9348712660848907,0.9999999999999998
152,0.9513623855426558,0.9379314067035339,1.0
153,0.9464021028700237,0.9150605570170202,1.0000000000000007
154,0.9556663997136902,0.9460952149390951,1.0
155,0.9554317437130407,0.9243218371504961,0.9999999999999999
156,0.9566796080768148,0.9527356302683455,0.9999999999999998
157,0.9466417357132888,0.9264223464060634,1.0
158,0.9541500215446687,0.9189702069056053,1.0000000000000004
159,0.9444629955782702,0.9276384003537704,1.0000000000000004
160,0.9613312000179195,0.9304900396882521,1.0
161,0.9430565774337192,0.9214029540396298,1.0
162,0.9483756116180805,0.9234384441068259,-0.9999999999999998
163,0.957556938063729,0.9477472412545092,1.0
164,0.9617416800967054,0.9170071213418839,0.9999999999999999
165,0.9456234081517274,0.9093901956451949,-1.0000000000000002
166,0.9521676147105488,0.912172945467756,1.0000000000000007
167,0.960528180596129,0.9541211323481528,1.0000000000000002
168,0.9489900211989979,0.9107620578619893,0.9999999999999999
169,0.9453225364198207,0.9215719774727966,0.9999999999999999
170,0.9626952181726799,0.9505862894729388,0.9999999999999994
171,0.9478437373779538,0.9316022160779284,0.9999999999999996
172,0.9526420327317758,0.9217998684870703,0.9999999999999999
173,0.9614500174106604,0.934038498136603,1.0000000000000002
174,0.9494680141017177,0.9178765814462038,1.0
175,0.944725354336622,0.9506560879276451,1.0
176,0.9651480995609397,0.9117402447080202,1.0000000000000002
177,0.9604873593875676,0.9579271647082704,0.9999999999999998
178,0.9581938873845957,0.9129939893768891,0.9999999999999997
179,0.94662951689186,0.9135729775744897,0.9999999999999998
180,0.9501306232422174,0.924870276957201,1.0000000000000002
181,0.9512978399959459,0.9248592191287937,1.0
182,0.9534797609730996,0.9381417860538072,1.0000000000000004
183,0.9517827094699515,0.9237537370966201,1.0000000000000007
184,0.9529102806185616,0.9182866004598188,1.0000000000000002
185,0.9515723241837658,0.9246054980609191,1.0000000000000007
186,0.9433402492103141,0.922635523165027,0.9999999999999992
187,0.9466802068185702,0.9425851674586405,0.9999999999999998
188,0.9556807981109937,0.9288127183692235,0.9999999999999998
189,0.9575081909323969,0.9142063513179614,0.9999999999999997
190,0.9683256168568785,0.9373200882328804,0.9999999999999998
191,0.9498427409163219,0.9129016483776339,1.0000000000000002
192,0.9499319751937777,0.9241863673279846,0.9999999999999998
193,0.9644329048929242,0.9260954847036041,1.0000000000000002
194,0.9566227781481397,0.9417014366535409,0.9999999999999989
195,0.9629475759651428,0.9374610699468852,1.0
196,0.9428914578805948,0.9078539335870127,0.9999999999999998
197,0.9489899725564902,0.9426189701737437,1.0000000000000004
198,0.9502631587559945,0.9483288681713796,0.9999999999999994
199,0.9456285139732716,0.9283369485025499,0.9999999999999991
200,0.9539192979311643,0.9191994836063385,1.0000000000000002
