replicate,status
1,succeeded
2,succeeded
3,succeeded
4,succeeded
5,succeeded
6,succeeded
7,succeeded
8,succeeded
9,succeeded
10,succeeded
11,succeeded
12,succeeded
13,succeeded
14,succeeded
15,succeeded
16,succeeded
17,succeeded
18,succeeded
19,succeeded
20,succeeded
21,succeeded
22,succeeded
23,succeeded
24,succeeded
25,succeeded
26,succeeded
27,succeeded
28,succeeded
29,succeeded
30,succeeded
31,succeeded
32,succeeded
33,succeeded
34,succeeded
35,succeeded
36,succeeded
37,succeeded
38,succeeded
39,succeeded
40,succeeded
41,succeeded
42,succeeded
43,succeeded
44,succeeded
45,succeeded
46,succeeded
47,succeeded
48,succeeded
49,succeeded
50,succeeded
51,succeeded
52,succeeded
53,succeeded
54,succeeded
55,succeeded
56,succeeded
57,succeeded
58,succeeded
59,succeeded
60,succeeded
61,succeeded
62,succeeded
63,succeeded
64,succeeded
65,succeeded
66,succeeded
67,succeeded
68,succeeded
69,succeeded
70,succeeded
71,succeeded
72,succeeded
73,succeeded
74,succeeded
75,succeeded
76,succeeded
77,succeeded
78,succeeded
79,succeeded
80,succeeded
81,succeeded
82,succeeded
83,succeeded
84,succeeded
85,succeeded
86,succeeded
87,succeeded
88,succeeded
89,succeeded
90,succeeded
91,succeeded
92,succeeded
93,succeeded
94,succeeded
95,succeeded
96,succeeded
97,succeeded
98,succeeded
99,succeeded
100,succeeded
101,succeeded
102,succeeded
103,succeeded
104,succeeded
105,succeeded
106,succeeded
107,succeeded
108,succeeded
109,succeeded
110,succeeded
111,succeeded
112,succeeded
113,succeeded
114,succeeded
115,succeeded
116,succeeded
117,succeeded
118,succeeded
119,succeeded
120,succeeded
121,succeeded
122,succeeded
123,succeeded
124,succeeded
125,succeeded
126,succeeded
127,succeeded
128,succeeded
129,succeeded
130,succeeded
131,succeeded
132,succeeded
133,succeeded
134,succeeded
135,succeeded
136,succeeded
137,succeeded
138,succeeded
139,succeeded
140,succeeded
141,succeeded
142,succeeded
143,succeeded
144,succeeded
145,succeeded
146,succeeded
147,succeeded
148,succeeded
149,succeeded
150,succeeded
151,succeeded
152,succeeded
153,succeeded
154,succeeded
155,succeeded
156,succeeded
157,succeeded
158,succeeded
159,succeeded
160,succeeded
161,succeeded
162,succeeded
163,succeeded
164,succeeded
165,succeeded
166,succeeded
167,succeeded
168,succeeded
169,succeeded
170,succeeded
171,succeeded
172,succeeded
173,succeeded
174,succeeded
175,succeeded
176,succeeded
177,succeeded
178,succeeded
179,succeeded
180,succeeded
181,succeeded
182,succeeded
183,succeeded
184,succeeded
185,succeeded
186,succeeded
187,succeeded
188,succeeded
189,succeeded
190,succeeded
191,succeeded
192,succeeded
193,succeeded
194,succeeded
195,succeeded
196,succeeded
197,succeeded
198,succeeded
199,succeeded
200,succeeded
