replicate,replicate_seed,stage,status,elapsed_seconds,return_code,message
1,4263916237476363307,generate,succeeded,4.916774272918701,,
2,3767574319581814286,generate,succeeded,4.915389060974121,,
3,10770439573689795302,generate,succeeded,4.591858386993408,,
4,9420172540223973273,generate,succeeded,4.918179273605347,,
5,17667101627407176703,generate,succeeded,2.5214948654174805,,
1,4263916237476363307,generate,skipped_existing,0.0019984245300292,,
2,3767574319581814286,generate,skipped_existing,0.0024707317352294,,
3,10770439573689795302,generate,skipped_existing,0.0020909309387207,,
4,9420172540223973273,generate,skipped_existing,0.0021641254425048,,
5,17667101627407176703,generate,skipped_existing,0.0022039413452148,,
6,9466865439602090902,generate,succeeded,10.040826797485352,,
7,16053170213937734912,generate,succeeded,9.991840839385986,,
8,10352446989481306295,generate,succeeded,9.53773021697998,,
9,1927370380407218368,generate,succeeded,9.2775981426239,,
10,1756988858565773744,generate,succeeded,9.301535844802856,,
11,9355715132680117036,generate,succeeded,9.5396409034729,,
12,3185443614746384919,generate,succeeded,9.460529088974,,
13,1005429051295307704,generate,succeeded,10.051571607589722,,
14,15657692087608219939,generate,succeeded,9.810401439666748,,
15,13223839798784290255,generate,succeeded,10.238567113876345,,
16,9667960317055517749,generate,succeeded,9.363172054290771,,
17,8434116084496240299,generate,succeeded,10.020206212997437,,
18,4788992345531202607,generate,succeeded,7.723010301589966,,
19,563475940611448870,generate,succeeded,7.234059333801269,,
20,1099261088480973403,generate,succeeded,6.860484600067139,,
1,4263916237476363307,fit,succeeded,386.866943359375,0.0,
2,3767574319581814286,fit,succeeded,388.7783517837525,0.0,
3,10770439573689795302,fit,succeeded,386.6683378219605,0.0,
4,9420172540223973273,fit,succeeded,387.0225386619568,0.0,
5,17667101627407176703,fit,succeeded,418.0192501544952,0.0,
6,9466865439602090902,fit,succeeded,417.6955032348633,0.0,
7,16053170213937734912,fit,succeeded,417.97074794769287,0.0,
8,10352446989481306295,fit,succeeded,422.6354129314423,0.0,
9,1927370380407218368,fit,succeeded,397.772759437561,0.0,
10,1756988858565773744,fit,succeeded,400.2171809673309,0.0,
11,9355715132680117036,fit,succeeded,400.2010090351105,0.0,
12,3185443614746384919,fit,succeeded,399.759984254837,0.0,
13,1005429051295307704,fit,succeeded,404.5126106739044,0.0,
14,15657692087608219939,fit,succeeded,404.04002475738525,0.0,
15,13223839798784290255,fit,succeeded,403.0924808979034,0.0,
16,9667960317055517749,fit,succeeded,404.7229251861572,0.0,
17,8434116084496240299,fit,succeeded,374.4103400707245,0.0,
18,4788992345531202607,fit,succeeded,376.2216241359711,0.0,
19,563475940611448870,fit,succeeded,376.1820182800293,0.0,
20,1099261088480973403,fit,succeeded,376.7919249534607,0.0,
1,4263916237476363307,generate,skipped_existing,0.003138780593872,,
2,3767574319581814286,generate,skipped_existing,0.0031306743621826,,
3,10770439573689795302,generate,skipped_existing,0.0032305717468261,,
4,9420172540223973273,generate,skipped_existing,0.0029420852661132,,
5,17667101627407176703,generate,skipped_existing,0.0020346641540527,,
6,9466865439602090902,generate,skipped_existing,0.0020475387573242,,
7,16053170213937734912,generate,skipped_existing,0.002108097076416,,
8,10352446989481306295,generate,skipped_existing,0.0019729137420654,,
9,1927370380407218368,generate,skipped_existing,0.0021166801452636,,
10,1756988858565773744,generate,skipped_existing,0.0020833015441894,,
11,9355715132680117036,generate,skipped_existing,0.0020861625671386,,
12,3185443614746384919,generate,skipped_existing,0.0022633075714111,,
13,1005429051295307704,generate,skipped_existing,0.0022156238555908,,
14,15657692087608219939,generate,skipped_existing,0.0021331310272216,,
15,13223839798784290255,generate,skipped_existing,0.0021650791168212,,
16,9667960317055517749,generate,skipped_existing,0.0021710395812988,,
17,8434116084496240299,generate,skipped_existing,0.0020577907562255,,
18,4788992345531202607,generate,skipped_existing,0.0020844936370849,,
19,563475940611448870,generate,skipped_existing,0.0022196769714355,,
20,1099261088480973403,generate,skipped_existing,0.0022544860839843,,
21,9387190014241302932,generate,succeeded,8.948313474655151,,
22,8161987811851625314,generate,succeeded,9.394518852233888,,
23,15236669834255143531,generate,succeeded,8.513167381286621,,
24,2438384819291194908,generate,succeeded,8.84880781173706,,
25,1492263040923006483,generate,succeeded,9.458373546600342,,
26,2499574249591034469,generate,succeeded,8.180676460266113,,
27,7599151430882623097,generate,succeeded,9.019702434539797,,
28,16870106967012567896,generate,succeeded,8.572627305984497,,
29,14870925744096526812,generate,succeeded,8.316947221755981,,
30,13510965257731304776,generate,succeeded,9.010077953338625,,
31,440870814228641706,generate,succeeded,9.182021141052246,,
32,10739811074733795445,generate,succeeded,9.19166874885559,,
33,4238052057063104576,generate,succeeded,8.90385365486145,,
34,16575928752600035429,generate,succeeded,7.937553882598877,,
35,13090663585829540646,generate,succeeded,9.133676052093506,,
36,15211004025677250941,generate,succeeded,9.18813681602478,,
37,7075186196118831870,generate,succeeded,8.59825611114502,,
38,1316847447995044081,generate,succeeded,8.588988304138184,,
39,16749110590356346781,generate,succeeded,8.842398881912231,,
40,9358471036524734142,generate,succeeded,9.227895498275757,,
41,17470278654638036948,generate,succeeded,8.78095293045044,,
42,7035007710946180081,generate,succeeded,9.343325853347778,,
43,2709764011344159886,generate,succeeded,7.974823236465454,,
44,17797687591865742107,generate,succeeded,8.474546432495117,,
45,17038077866275664993,generate,succeeded,8.623053073883057,,
46,14322251721142501310,generate,succeeded,8.175087213516235,,
47,5457272941185571848,generate,succeeded,9.684775829315186,,
48,9962610923040565009,generate,succeeded,9.42548155784607,,
49,18420666881112786203,generate,succeeded,8.808652639389038,,
50,8034867408030101232,generate,succeeded,8.541304588317871,,
51,13846279827742453983,generate,succeeded,9.290756464004517,,
52,17110084101650211406,generate,succeeded,9.005563497543335,,
53,6985236974097866609,generate,succeeded,8.225209712982178,,
54,8895789436167310611,generate,succeeded,8.925786256790161,,
55,9863919712658092065,generate,succeeded,9.050776481628418,,
56,7200021210598256399,generate,succeeded,9.027949571609495,,
57,32181680532891159,generate,succeeded,8.956449270248413,,
58,3031733007305670791,generate,succeeded,9.323369979858398,,
59,3514996109393686482,generate,succeeded,8.961001634597778,,
60,16555467709419975504,generate,succeeded,9.0124671459198,,
61,14178912864679583062,generate,succeeded,8.929431915283203,,
62,2146261645933178135,generate,succeeded,9.28853678703308,,
63,1762313914888772427,generate,succeeded,9.364775896072388,,
64,11786938633286080001,generate,succeeded,8.95003604888916,,
65,9390900755782515434,generate,succeeded,9.001318454742432,,
66,379054185883440459,generate,succeeded,8.828075408935547,,
67,16086793062258542005,generate,succeeded,9.2138032913208,,
68,16921319492448667207,generate,succeeded,9.400975942611694,,
69,5939641743489347304,generate,succeeded,8.344576358795166,,
70,11483725660428305794,generate,succeeded,8.420689344406128,,
71,2706480348844148329,generate,succeeded,8.547302007675171,,
72,13584768651189203300,generate,succeeded,8.907325506210327,,
73,4422748198609479999,generate,succeeded,8.67357587814331,,
74,2831544886096147589,generate,succeeded,8.497957944869995,,
75,7608055494520979905,generate,succeeded,8.77663278579712,,
76,9887843403982717271,generate,succeeded,9.276060104370115,,
77,5649512177877841137,generate,succeeded,8.932227611541748,,
78,11751478622582883117,generate,succeeded,8.494404077529907,,
79,932880500813067575,generate,succeeded,8.782998085021973,,
80,13363901273935563218,generate,succeeded,9.733900547027588,,
81,2409406758521414819,generate,succeeded,9.064729928970335,,
82,16646567539492061057,generate,succeeded,8.72187852859497,,
83,14186382987862666504,generate,succeeded,8.836220979690552,,
84,11342056230404312229,generate,succeeded,8.931654930114746,,
85,10225092817195870124,generate,succeeded,8.760457277297974,,
86,8275639869984630872,generate,succeeded,8.869346141815186,,
87,11213607629925976305,generate,succeeded,8.374540090560913,,
88,1745189380275397436,generate,succeeded,9.0847270488739,,
89,1603026549705915966,generate,succeeded,9.07646131515503,,
90,9228359029848268401,generate,succeeded,8.875946283340454,,
91,11878635450347502403,generate,succeeded,9.346222639083862,,
92,9708978292537429146,generate,succeeded,9.064047813415527,,
93,284451751377900821,generate,succeeded,8.874454259872437,,
94,11755643827292491151,generate,succeeded,8.855372667312622,,
95,8351283048079084807,generate,succeeded,9.162047863006592,,
96,11029438932536330655,generate,succeeded,8.86035966873169,,
97,6647951396194663925,generate,succeeded,9.075223207473757,,
98,9091389633337122503,generate,succeeded,8.578679084777832,,
99,5791362322529485499,generate,succeeded,9.11114764213562,,
100,9036664091783392831,generate,succeeded,9.247901916503906,,
101,1019119601822256600,generate,succeeded,9.351119041442873,,
102,15436853739725542355,generate,succeeded,8.866147518157959,,
103,12796375089469022220,generate,succeeded,8.34611701965332,,
104,2086216243415043318,generate,succeeded,8.900848627090454,,
105,15896228490595603528,generate,succeeded,8.597473859786987,,
106,10284331370997819568,generate,succeeded,8.999270677566528,,
107,10295488783000455200,generate,succeeded,8.587593793869019,,
108,15187019047318382937,generate,succeeded,8.736403226852417,,
109,5103017650369564088,generate,succeeded,8.832711696624756,,
110,10309961303928913764,generate,succeeded,9.072357416152954,,
111,4133144786194223409,generate,succeeded,8.94209909439087,,
112,6100477100195915382,generate,succeeded,9.48315453529358,,
113,5076573019173965104,generate,succeeded,9.456690311431885,,
114,7980307938268571831,generate,succeeded,8.598045587539673,,
115,13917215533217769595,generate,succeeded,8.997869491577148,,
116,15686130100863110580,generate,succeeded,9.026856660842896,,
117,16415675410190890102,generate,succeeded,9.51242470741272,,
118,7509180030564223905,generate,succeeded,9.51539659500122,,
119,3679405142405877681,generate,succeeded,8.900980234146118,,
120,10316414776317223339,generate,succeeded,8.735715389251709,,
121,14651320582271973649,generate,succeeded,8.594817876815796,,
122,770344941471476911,generate,succeeded,8.591036081314087,,
123,4623249794395771727,generate,succeeded,8.178955793380737,,
124,13713913737872321035,generate,succeeded,9.069025754928589,,
125,5421522008067905088,generate,succeeded,9.08629822731018,,
126,14003975328582610861,generate,succeeded,9.03658890724182,,
127,3563820221628765272,generate,succeeded,9.732011556625366,,
128,3408053634985520163,generate,succeeded,8.907774686813354,,
129,10495479517419673024,generate,succeeded,8.6413733959198,,
130,15947380980497182366,generate,succeeded,8.787187814712524,,
131,15125821953565488284,generate,succeeded,8.660740852355957,,
132,11467596932847772320,generate,succeeded,9.184383869171144,,
133,7102170576986311841,generate,succeeded,9.29623532295227,,
134,15687791883368253350,generate,succeeded,8.875377893447876,,
135,1057005757036593309,generate,succeeded,8.003282308578491,,
136,9902972394092592341,generate,succeeded,9.142669200897217,,
137,13694955469909424616,generate,succeeded,9.208245754241943,,
138,10181602508366095611,generate,succeeded,9.58479619026184,,
139,12360153285270443039,generate,succeeded,8.851630449295044,,
140,442747799374140563,generate,succeeded,9.047969341278076,,
141,16125526663912119752,generate,succeeded,8.933176040649414,,
142,9164472973801369137,generate,succeeded,8.909883499145508,,
143,6185564224272183622,generate,succeeded,8.881227254867554,,
144,11389284760445367774,generate,succeeded,8.623784303665161,,
145,12324506851223858254,generate,succeeded,8.75698184967041,,
146,1630989629596977032,generate,succeeded,8.478654384613037,,
147,2341189279600920625,generate,succeeded,8.925380229949951,,
148,7893931371176123081,generate,succeeded,9.181620121002195,,
149,8557438638039256582,generate,succeeded,9.03010082244873,,
150,15231383364011387431,generate,succeeded,8.517004489898682,,
151,11922845131586513451,generate,succeeded,9.172811269760132,,
152,14642242277103891740,generate,succeeded,8.665747165679932,,
153,18087500399423860128,generate,succeeded,8.941886901855469,,
154,8510536669598339377,generate,succeeded,8.984248399734497,,
155,9790775619561844462,generate,succeeded,8.769516706466675,,
156,17979535289202048880,generate,succeeded,9.269185781478882,,
157,16408344425298703827,generate,succeeded,9.160624980926514,,
158,17811951553739962192,generate,succeeded,9.05052661895752,,
159,2713786725421602922,generate,succeeded,9.391031742095947,,
160,6247273904146881171,generate,succeeded,8.836190700531006,,
161,8082594390078121717,generate,succeeded,8.534236431121826,,
162,12344360235131062475,generate,succeeded,8.837539434432983,,
163,13143643167454010579,generate,succeeded,8.510935306549072,,
164,15361454625315821194,generate,succeeded,8.955012083053589,,
165,7097698324542923661,generate,succeeded,9.314593076705933,,
166,15246781066633978620,generate,succeeded,8.862796306610107,,
167,15296869966687657087,generate,succeeded,8.46205472946167,,
168,6804838712305812784,generate,succeeded,9.244762182235718,,
169,17663355059309994298,generate,succeeded,9.56207513809204,,
170,9927374105936141882,generate,succeeded,8.581520080566406,,
171,11392500228525167309,generate,succeeded,8.89535903930664,,
172,17264095740024999344,generate,succeeded,8.750308752059937,,
173,1487883791071992257,generate,succeeded,9.090161323547363,,
174,7163058880153603132,generate,succeeded,8.062188386917114,,
175,9495816860147796563,generate,succeeded,8.154557704925537,,
176,6534950304910276493,generate,succeeded,8.62532925605774,,
177,11066055892695458336,generate,succeeded,9.466914653778076,,
178,5792939501700843227,generate,succeeded,7.773290395736694,,
179,17894195744953044722,generate,succeeded,8.60340404510498,,
180,5706384876701875224,generate,succeeded,9.307239294052124,,
181,1156983363416225014,generate,succeeded,8.727067708969116,,
182,15107855359994880262,generate,succeeded,8.84414267539978,,
183,965302367787885153,generate,succeeded,8.7181715965271,,
184,3669114685383662839,generate,succeeded,8.766621828079224,,
185,575973910006944551,generate,succeeded,8.716304063796997,,
186,4686678286041042705,generate,succeeded,9.03429126739502,,
187,5109103123803636404,generate,succeeded,8.609512090682983,,
188,17656972971811011781,generate,succeeded,8.515694618225098,,
189,6359492336577465570,generate,succeeded,8.81224799156189,,
190,4382635162498154871,generate,succeeded,8.916598796844482,,
191,2361203840787845746,generate,succeeded,8.877341747283936,,
192,8986136941104029537,generate,succeeded,8.543242931365967,,
193,8510614849699529638,generate,succeeded,8.833287715911865,,
194,14723172007813426341,generate,succeeded,8.138347387313843,,
195,9743450452694463622,generate,succeeded,8.342627763748169,,
196,16183534647830570215,generate,succeeded,8.636557579040527,,
197,201932140770326197,generate,succeeded,9.85154914855957,,
198,12803418106122084957,generate,succeeded,8.272340536117554,,
199,2848468842772911557,generate,succeeded,8.09692096710205,,
200,11256996840089863338,generate,succeeded,3.164479732513428,,
1,4263916237476363307,generate,skipped_existing,0.003267765045166,,
2,3767574319581814286,generate,skipped_existing,0.0031375885009765,,
3,10770439573689795302,generate,skipped_existing,0.0031130313873291,,
4,9420172540223973273,generate,skipped_existing,0.0029435157775878,,
5,17667101627407176703,generate,skipped_existing,0.0020182132720947,,
6,9466865439602090902,generate,skipped_existing,0.0021719932556152,,
7,16053170213937734912,generate,skipped_existing,0.0020563602447509,,
8,10352446989481306295,generate,skipped_existing,0.0018272399902343,,
9,1927370380407218368,generate,skipped_existing,0.0019400119781494,,
10,1756988858565773744,generate,skipped_existing,0.0020263195037841,,
11,9355715132680117036,generate,skipped_existing,0.0020866394042968,,
12,3185443614746384919,generate,skipped_existing,0.0021848678588867,,
13,1005429051295307704,generate,skipped_existing,0.0019350051879882,,
14,15657692087608219939,generate,skipped_existing,0.0019307136535644,,
15,13223839798784290255,generate,skipped_existing,0.0018322467803955,,
16,9667960317055517749,generate,skipped_existing,0.0018420219421386,,
17,8434116084496240299,generate,skipped_existing,0.0020105838775634,,
18,4788992345531202607,generate,skipped_existing,0.0020399093627929,,
19,563475940611448870,generate,skipped_existing,0.0021843910217285,,
20,1099261088480973403,generate,skipped_existing,0.0021553039550781,,
21,9387190014241302932,generate,skipped_existing,0.0021042823791503,,
22,8161987811851625314,generate,skipped_existing,0.0021562576293945,,
23,15236669834255143531,generate,skipped_existing,0.0020489692687988,,
24,2438384819291194908,generate,skipped_existing,0.002061128616333,,
25,1492263040923006483,generate,skipped_existing,0.0020170211791992,,
26,2499574249591034469,generate,skipped_existing,0.0019910335540771,,
27,7599151430882623097,generate,skipped_existing,0.0020248889923095,,
28,16870106967012567896,generate,skipped_existing,0.0020420551300048,,
29,14870925744096526812,generate,skipped_existing,0.0020077228546142,,
30,13510965257731304776,generate,skipped_existing,0.0021069049835205,,
31,440870814228641706,generate,skipped_existing,0.0018842220306396,,
32,10739811074733795445,generate,skipped_existing,0.0020573139190673,,
33,4238052057063104576,generate,skipped_existing,0.0020608901977539,,
34,16575928752600035429,generate,skipped_existing,0.0021514892578125,,
35,13090663585829540646,generate,skipped_existing,0.0021328926086425,,
36,15211004025677250941,generate,skipped_existing,0.0021107196807861,,
37,7075186196118831870,generate,skipped_existing,0.0020678043365478,,
38,1316847447995044081,generate,skipped_existing,0.0021030902862548,,
39,16749110590356346781,generate,skipped_existing,0.0021052360534667,,
40,9358471036524734142,generate,skipped_existing,0.0021140575408935,,
41,17470278654638036948,generate,skipped_existing,0.0020475387573242,,
42,7035007710946180081,generate,skipped_existing,0.0019812583923339,,
43,2709764011344159886,generate,skipped_existing,0.0019679069519042,,
44,17797687591865742107,generate,skipped_existing,0.0020632743835449,,
45,17038077866275664993,generate,skipped_existing,0.0019903182983398,,
46,14322251721142501310,generate,skipped_existing,0.0020453929901123,,
47,5457272941185571848,generate,skipped_existing,0.0020503997802734,,
48,9962610923040565009,generate,skipped_existing,0.0020241737365722,,
49,18420666881112786203,generate,skipped_existing,0.0019567012786865,,
50,8034867408030101232,generate,skipped_existing,0.0019805431365966,,
51,13846279827742453983,generate,skipped_existing,0.0021047592163085,,
52,17110084101650211406,generate,skipped_existing,0.002108097076416,,
53,6985236974097866609,generate,skipped_existing,0.0022084712982177,,
54,8895789436167310611,generate,skipped_existing,0.0020952224731445,,
55,9863919712658092065,generate,skipped_existing,0.0020909309387207,,
56,7200021210598256399,generate,skipped_existing,0.0020179748535156,,
57,32181680532891159,generate,skipped_existing,0.0019476413726806,,
58,3031733007305670791,generate,skipped_existing,0.0020227432250976,,
59,3514996109393686482,generate,skipped_existing,0.0020420551300048,,
60,16555467709419975504,generate,skipped_existing,0.0020217895507812,,
61,14178912864679583062,generate,skipped_existing,0.0020632743835449,,
62,2146261645933178135,generate,skipped_existing,0.0021376609802246,,
63,1762313914888772427,generate,skipped_existing,0.0021166801452636,,
64,11786938633286080001,generate,skipped_existing,0.0021462440490722,,
65,9390900755782515434,generate,skipped_existing,0.0020558834075927,,
66,379054185883440459,generate,skipped_existing,0.0020318031311035,,
67,16086793062258542005,generate,skipped_existing,0.0020971298217773,,
68,16921319492448667207,generate,skipped_existing,0.0020477771759033,,
69,5939641743489347304,generate,skipped_existing,0.0020022392272949,,
70,11483725660428305794,generate,skipped_existing,0.001962661743164,,
71,2706480348844148329,generate,skipped_existing,0.002023696899414,,
72,13584768651189203300,generate,skipped_existing,0.0020556449890136,,
73,4422748198609479999,generate,skipped_existing,0.0020160675048828,,
74,2831544886096147589,generate,skipped_existing,0.0021476745605468,,
75,7608055494520979905,generate,skipped_existing,0.0021097660064697,,
76,9887843403982717271,generate,skipped_existing,0.0021109580993652,,
77,5649512177877841137,generate,skipped_existing,0.0019750595092773,,
78,11751478622582883117,generate,skipped_existing,0.0020151138305664,,
79,932880500813067575,generate,skipped_existing,0.0019838809967041,,
80,13363901273935563218,generate,skipped_existing,0.0020160675048828,,
81,2409406758521414819,generate,skipped_existing,0.0020492076873779,,
82,16646567539492061057,generate,skipped_existing,0.0020129680633544,,
83,14186382987862666504,generate,skipped_existing,0.0019912719726562,,
84,11342056230404312229,generate,skipped_existing,0.0021266937255859,,
85,10225092817195870124,generate,skipped_existing,0.0019671916961669,,
86,8275639869984630872,generate,skipped_existing,0.0020046234130859,,
87,11213607629925976305,generate,skipped_existing,0.0020408630371093,,
88,1745189380275397436,generate,skipped_existing,0.001957893371582,,
89,1603026549705915966,generate,skipped_existing,0.0020513534545898,,
90,9228359029848268401,generate,skipped_existing,0.0020759105682373,,
91,11878635450347502403,generate,skipped_existing,0.002108097076416,,
92,9708978292537429146,generate,skipped_existing,0.0020713806152343,,
93,284451751377900821,generate,skipped_existing,0.0018796920776367,,
94,11755643827292491151,generate,skipped_existing,0.0019662380218505,,
95,8351283048079084807,generate,skipped_existing,0.0020101070404052,,
96,11029438932536330655,generate,skipped_existing,0.0020215511322021,,
97,6647951396194663925,generate,skipped_existing,0.0020325183868408,,
98,9091389633337122503,generate,skipped_existing,0.0019681453704833,,
99,5791362322529485499,generate,skipped_existing,0.0020415782928466,,
100,9036664091783392831,generate,skipped_existing,0.0020952224731445,,
101,1019119601822256600,generate,skipped_existing,0.0020992755889892,,
102,15436853739725542355,generate,skipped_existing,0.0020234584808349,,
103,12796375089469022220,generate,skipped_existing,0.0020525455474853,,
104,2086216243415043318,generate,skipped_existing,0.001986026763916,,
105,15896228490595603528,generate,skipped_existing,0.0019736289978027,,
106,10284331370997819568,generate,skipped_existing,0.0019643306732177,,
107,10295488783000455200,generate,skipped_existing,0.0020422935485839,,
108,15187019047318382937,generate,skipped_existing,0.0020952224731445,,
109,5103017650369564088,generate,skipped_existing,0.0019798278808593,,
110,10309961303928913764,generate,skipped_existing,0.002012014389038,,
111,4133144786194223409,generate,skipped_existing,0.001894474029541,,
112,6100477100195915382,generate,skipped_existing,0.0019574165344238,,
113,5076573019173965104,generate,skipped_existing,0.0021471977233886,,
114,7980307938268571831,generate,skipped_existing,0.0020380020141601,,
115,13917215533217769595,generate,skipped_existing,0.0019164085388183,,
116,15686130100863110580,generate,skipped_existing,0.00211763381958,,
117,16415675410190890102,generate,skipped_existing,0.0020685195922851,,
118,7509180030564223905,generate,skipped_existing,0.0020802021026611,,
119,3679405142405877681,generate,skipped_existing,0.0020256042480468,,
120,10316414776317223339,generate,skipped_existing,0.0020015239715576,,
121,14651320582271973649,generate,skipped_existing,0.0020215511322021,,
122,770344941471476911,generate,skipped_existing,0.0019838809967041,,
123,4623249794395771727,generate,skipped_existing,0.0020093917846679,,
124,13713913737872321035,generate,skipped_existing,0.0019483566284179,,
125,5421522008067905088,generate,skipped_existing,0.0020513534545898,,
126,14003975328582610861,generate,skipped_existing,0.0020890235900878,,
127,3563820221628765272,generate,skipped_existing,0.0020461082458496,,
128,3408053634985520163,generate,skipped_existing,0.0021305084228515,,
129,10495479517419673024,generate,skipped_existing,0.0020537376403808,,
130,15947380980497182366,generate,skipped_existing,0.0021374225616455,,
131,15125821953565488284,generate,skipped_existing,0.0018866062164306,,
132,11467596932847772320,generate,skipped_existing,0.0019037723541259,,
133,7102170576986311841,generate,skipped_existing,0.0020475387573242,,
134,15687791883368253350,generate,skipped_existing,0.0020561218261718,,
135,1057005757036593309,generate,skipped_existing,0.0019397735595703,,
136,9902972394092592341,generate,skipped_existing,0.0020427703857421,,
137,13694955469909424616,generate,skipped_existing,0.0019571781158447,,
138,10181602508366095611,generate,skipped_existing,0.0018439292907714,,
139,12360153285270443039,generate,skipped_existing,0.002049446105957,,
140,442747799374140563,generate,skipped_existing,0.0021092891693115,,
141,16125526663912119752,generate,skipped_existing,0.0020499229431152,,
142,9164472973801369137,generate,skipped_existing,0.0021901130676269,,
143,6185564224272183622,generate,skipped_existing,0.0020430088043212,,
144,11389284760445367774,generate,skipped_existing,0.0019512176513671,,
145,12324506851223858254,generate,skipped_existing,0.0019598007202148,,
146,1630989629596977032,generate,skipped_existing,0.0019795894622802,,
147,2341189279600920625,generate,skipped_existing,0.0024380683898925,,
148,7893931371176123081,generate,skipped_existing,0.0025050640106201,,
149,8557438638039256582,generate,skipped_existing,0.0021591186523437,,
150,15231383364011387431,generate,skipped_existing,0.0021569728851318,,
151,11922845131586513451,generate,skipped_existing,0.0020654201507568,,
152,14642242277103891740,generate,skipped_existing,0.001969575881958,,
153,18087500399423860128,generate,skipped_existing,0.0021181106567382,,
154,8510536669598339377,generate,skipped_existing,0.0020003318786621,,
155,9790775619561844462,generate,skipped_existing,0.0020594596862792,,
156,17979535289202048880,generate,skipped_existing,0.0021238327026367,,
157,16408344425298703827,generate,skipped_existing,0.0022330284118652,,
158,17811951553739962192,generate,skipped_existing,0.0021517276763916,,
159,2713786725421602922,generate,skipped_existing,0.002023696899414,,
160,6247273904146881171,generate,skipped_existing,0.0019845962524414,,
161,8082594390078121717,generate,skipped_existing,0.0019996166229248,,
162,12344360235131062475,generate,skipped_existing,0.002061128616333,,
163,13143643167454010579,generate,skipped_existing,0.0019621849060058,,
164,15361454625315821194,generate,skipped_existing,0.0020112991333007,,
165,7097698324542923661,generate,skipped_existing,0.0019123554229736,,
166,15246781066633978620,generate,skipped_existing,0.0020124912261962,,
167,15296869966687657087,generate,skipped_existing,0.0018954277038574,,
168,6804838712305812784,generate,skipped_existing,0.0020153522491455,,
169,17663355059309994298,generate,skipped_existing,0.0021049976348876,,
170,9927374105936141882,generate,skipped_existing,0.0020420551300048,,
171,11392500228525167309,generate,skipped_existing,0.0020592212677001,,
172,17264095740024999344,generate,skipped_existing,0.0020883083343505,,
173,1487883791071992257,generate,skipped_existing,0.002021312713623,,
174,7163058880153603132,generate,skipped_existing,0.0020184516906738,,
175,9495816860147796563,generate,skipped_existing,0.0019948482513427,,
176,6534950304910276493,generate,skipped_existing,0.0021443367004394,,
177,11066055892695458336,generate,skipped_existing,0.0021162033081054,,
178,5792939501700843227,generate,skipped_existing,0.0019638538360595,,
179,17894195744953044722,generate,skipped_existing,0.0020506381988525,,
180,5706384876701875224,generate,skipped_existing,0.0019989013671875,,
181,1156983363416225014,generate,skipped_existing,0.0020134449005126,,
182,15107855359994880262,generate,skipped_existing,0.002023696899414,,
183,965302367787885153,generate,skipped_existing,0.0018677711486816,,
184,3669114685383662839,generate,skipped_existing,0.0020396709442138,,
185,575973910006944551,generate,skipped_existing,0.0020418167114257,,
186,4686678286041042705,generate,skipped_existing,0.0019798278808593,,
187,5109103123803636404,generate,skipped_existing,0.002021312713623,,
188,17656972971811011781,generate,skipped_existing,0.0021240711212158,,
189,6359492336577465570,generate,skipped_existing,0.0021488666534423,,
190,4382635162498154871,generate,skipped_existing,0.0021049976348876,,
191,2361203840787845746,generate,skipped_existing,0.0021820068359375,,
192,8986136941104029537,generate,skipped_existing,0.0020158290863037,,
193,8510614849699529638,generate,skipped_existing,0.002223253250122,,
194,14723172007813426341,generate,skipped_existing,0.0019454956054687,,
195,9743450452694463622,generate,skipped_existing,0.0019047260284423,,
196,16183534647830570215,generate,skipped_existing,0.002030611038208,,
197,201932140770326197,generate,skipped_existing,0.0019447803497314,,
198,12803418106122084957,generate,skipped_existing,0.0019545555114746,,
199,2848468842772911557,generate,skipped_existing,0.0019586086273193,,
200,11256996840089863338,generate,skipped_existing,0.0015859603881835,,
1,4263916237476363307,fit,skipped_existing,0.0015425682067871094,0.0,
2,3767574319581814286,fit,skipped_existing,0.001546621322631836,0.0,
3,10770439573689795302,fit,skipped_existing,0.001302957534790039,0.0,
4,9420172540223973273,fit,skipped_existing,0.0013740062713623047,0.0,
5,17667101627407176703,fit,skipped_existing,0.0004734992980957031,0.0,
6,9466865439602090902,fit,skipped_existing,0.0004870891571044922,0.0,
7,16053170213937734912,fit,skipped_existing,0.0004944801330566406,0.0,
8,10352446989481306295,fit,skipped_existing,0.0005755424499511719,0.0,
9,1927370380407218368,fit,skipped_existing,0.00042891502380371094,0.0,
10,1756988858565773744,fit,skipped_existing,0.0003478527069091797,0.0,
11,9355715132680117036,fit,skipped_existing,0.00045800209045410156,0.0,
12,3185443614746384919,fit,skipped_existing,0.0005464553833007812,0.0,
13,1005429051295307704,fit,skipped_existing,0.00039649009704589844,0.0,
14,15657692087608219939,fit,skipped_existing,0.0005328655242919922,0.0,
15,13223839798784290255,fit,skipped_existing,0.0004718303680419922,0.0,
16,9667960317055517749,fit,skipped_existing,0.0004398822784423828,0.0,
17,8434116084496240299,fit,skipped_existing,0.0003986358642578125,0.0,
18,4788992345531202607,fit,skipped_existing,0.0004622936248779297,0.0,
19,563475940611448870,fit,skipped_existing,0.0005290508270263672,0.0,
20,1099261088480973403,fit,skipped_existing,0.0004115104675292969,0.0,
21,9387190014241302932,fit,skipped_existing,0.00045490264892578125,0.0,
22,8161987811851625314,fit,skipped_existing,0.00043272972106933594,0.0,
23,15236669834255143531,fit,skipped_existing,0.00043964385986328125,0.0,
24,2438384819291194908,fit,skipped_existing,0.0005183219909667969,0.0,
25,1492263040923006483,fit,skipped_existing,0.0004127025604248047,0.0,
26,2499574249591034469,fit,skipped_existing,0.000408172607421875,0.0,
27,7599151430882623097,fit,skipped_existing,0.0004341602325439453,0.0,
28,16870106967012567896,fit,skipped_existing,0.000530242919921875,0.0,
29,14870925744096526812,fit,skipped_existing,0.0004127025604248047,0.0,
30,13510965257731304776,fit,skipped_existing,0.0004744529724121094,0.0,
31,440870814228641706,fit,skipped_existing,0.0004360675811767578,0.0,
32,10739811074733795445,fit,skipped_existing,0.0004329681396484375,0.0,
33,4238052057063104576,fit,skipped_existing,0.0004508495330810547,0.0,
34,16575928752600035429,fit,skipped_existing,0.0004448890686035156,0.0,
35,13090663585829540646,fit,skipped_existing,0.0004379749298095703,0.0,
36,15211004025677250941,fit,skipped_existing,0.000438690185546875,0.0,
37,7075186196118831870,fit,skipped_existing,0.00046372413635253906,0.0,
38,1316847447995044081,fit,skipped_existing,0.00044846534729003906,0.0,
39,16749110590356346781,fit,skipped_existing,0.00048065185546875,0.0,
40,9358471036524734142,fit,skipped_existing,0.0004565715789794922,0.0,
41,17470278654638036948,fit,skipped_existing,0.0004532337188720703,0.0,
42,7035007710946180081,fit,skipped_existing,0.00046324729919433594,0.0,
43,2709764011344159886,fit,skipped_existing,0.0004639625549316406,0.0,
44,17797687591865742107,fit,skipped_existing,0.0005559921264648438,0.0,
45,17038077866275664993,fit,skipped_existing,0.00037789344787597656,0.0,
46,14322251721142501310,fit,skipped_existing,0.00044083595275878906,0.0,
47,5457272941185571848,fit,skipped_existing,0.0004856586456298828,0.0,
48,9962610923040565009,fit,skipped_existing,0.0004849433898925781,0.0,
49,18420666881112786203,fit,skipped_existing,0.0004799365997314453,0.0,
50,8034867408030101232,fit,skipped_existing,0.0003056526184082031,0.0,
51,13846279827742453983,fit,skipped_existing,0.00040650367736816406,0.0,
52,17110084101650211406,fit,skipped_existing,0.0003676414489746094,0.0,
53,6985236974097866609,fit,succeeded,373.1277151107788,0.0,
54,8895789436167310611,fit,succeeded,369.8391661643982,0.0,
55,9863919712658092065,fit,succeeded,370.0142242908478,0.0,
56,7200021210598256399,fit,succeeded,370.6617181301117,0.0,
57,32181680532891159,fit,succeeded,379.1967022418976,0.0,
58,3031733007305670791,fit,succeeded,381.7369680404663,0.0,
59,3514996109393686482,fit,succeeded,379.84267020225525,0.0,
60,16555467709419975504,fit,succeeded,375.09423303604126,0.0,
61,14178912864679583062,fit,succeeded,402.3410348892212,0.0,
62,2146261645933178135,fit,succeeded,405.1843478679657,0.0,
63,1762313914888772427,fit,succeeded,402.62293243408203,0.0,
64,11786938633286080001,fit,succeeded,401.98331356048584,0.0,
65,9390900755782515434,fit,succeeded,385.7881143093109,0.0,
66,379054185883440459,fit,succeeded,380.40251088142395,0.0,
67,16086793062258542005,fit,succeeded,380.8785252571106,0.0,
68,16921319492448667207,fit,succeeded,383.1929762363434,0.0,
69,5939641743489347304,fit,succeeded,381.8040645122528,0.0,
70,11483725660428305794,fit,succeeded,384.84511399269104,0.0,
71,2706480348844148329,fit,succeeded,386.72323656082153,0.0,
72,13584768651189203300,fit,succeeded,383.9480707645416,0.0,
73,4422748198609479999,fit,succeeded,437.7150549888611,0.0,
74,2831544886096147589,fit,succeeded,432.1520776748657,0.0,
75,7608055494520979905,fit,succeeded,432.1479346752167,0.0,
76,9887843403982717271,fit,succeeded,434.5308482646942,0.0,
77,5649512177877841137,fit,succeeded,446.14542412757874,0.0,
78,11751478622582883117,fit,succeeded,446.1710126399994,0.0,
79,932880500813067575,fit,succeeded,442.89610981941223,0.0,
80,13363901273935563218,fit,succeeded,448.02306365966797,0.0,
81,2409406758521414819,fit,succeeded,415.5530734062195,0.0,
82,16646567539492061057,fit,succeeded,421.62596917152405,0.0,
83,14186382987862666504,fit,succeeded,416.79326128959656,0.0,
84,11342056230404312229,fit,succeeded,416.2123682498932,0.0,
85,10225092817195870124,fit,succeeded,449.8101842403412,0.0,
86,8275639869984630872,fit,succeeded,446.5360255241394,0.0,
87,11213607629925976305,fit,succeeded,452.20466923713684,0.0,
88,1745189380275397436,fit,succeeded,448.8031039237976,0.0,
89,1603026549705915966,fit,succeeded,468.63087248802185,0.0,
90,9228359029848268401,fit,succeeded,464.57889461517334,0.0,
91,11878635450347502403,fit,succeeded,468.8851041793823,0.0,
92,9708978292537429146,fit,succeeded,463.48689818382263,0.0,
93,284451751377900821,fit,succeeded,469.1680464744568,0.0,
94,11755643827292491151,fit,succeeded,463.3493208885193,0.0,
95,8351283048079084807,fit,succeeded,465.3315029144287,0.0,
96,11029438932536330655,fit,succeeded,467.53509759902954,0.0,
97,6647951396194663925,fit,succeeded,479.53802967071533,0.0,
98,9091389633337122503,fit,succeeded,478.5243260860443,0.0,
99,5791362322529485499,fit,succeeded,479.1653928756714,0.0,
100,9036664091783392831,fit,succeeded,484.01494550704956,0.0,
101,1019119601822256600,fit,succeeded,478.35796332359314,0.0,
102,15436853739725542355,fit,succeeded,483.1839208602905,0.0,
103,12796375089469022220,fit,succeeded,487.1160018444061,0.0,
104,2086216243415043318,fit,succeeded,484.54327869415283,0.0,
105,15896228490595603528,fit,succeeded,485.4672644138336,0.0,
106,10284331370997819568,fit,succeeded,489.60495376586914,0.0,
107,10295488783000455200,fit,succeeded,485.7695393562317,0.0,
108,15187019047318382937,fit,succeeded,488.6339199542999,0.0,
109,5103017650369564088,fit,succeeded,492.867960691452,0.0,
110,10309961303928913764,fit,succeeded,494.20798897743225,0.0,
111,4133144786194223409,fit,succeeded,493.5092794895172,0.0,
112,6100477100195915382,fit,succeeded,486.2089831829071,0.0,
113,5076573019173965104,fit,succeeded,462.4253349304199,0.0,
114,7980307938268571831,fit,succeeded,462.439733505249,0.0,
115,13917215533217769595,fit,succeeded,458.60873198509216,0.0,
116,15686130100863110580,fit,succeeded,462.4735450744629,0.0,
117,16415675410190890102,fit,succeeded,474.7877538204193,0.0,
118,7509180030564223905,fit,succeeded,477.2852475643158,0.0,
119,3679405142405877681,fit,succeeded,479.8649034500122,0.0,
120,10316414776317223339,fit,succeeded,477.0758559703827,0.0,
121,14651320582271973649,fit,succeeded,488.0119330883026,0.0,
122,770344941471476911,fit,succeeded,485.18793749809265,0.0,
123,4623249794395771727,fit,succeeded,484.08064007759094,0.0,
124,13713913737872321035,fit,succeeded,481.7852122783661,0.0,
125,5421522008067905088,fit,succeeded,487.61740946769714,0.0,
126,14003975328582610861,fit,succeeded,485.69125270843506,0.0,
127,3563820221628765272,fit,succeeded,487.4895918369293,0.0,
128,3408053634985520163,fit,succeeded,487.2567889690399,0.0,
129,10495479517419673024,fit,succeeded,434.2110216617584,0.0,
130,15947380980497182366,fit,succeeded,426.27824807167053,0.0,
131,15125821953565488284,fit,succeeded,428.33121705055237,0.0,
132,11467596932847772320,fit,succeeded,424.48503732681274,0.0,
133,7102170576986311841,fit,succeeded,382.7724006175995,0.0,
134,15687791883368253350,fit,succeeded,382.9541280269623,0.0,
135,1057005757036593309,fit,succeeded,385.1919095516205,0.0,
136,9902972394092592341,fit,succeeded,389.1233603954315,0.0,
137,13694955469909424616,fit,succeeded,401.9534122943878,0.0,
138,10181602508366095611,fit,succeeded,395.14313077926636,0.0,
139,12360153285270443039,fit,succeeded,394.49208331108093,0.0,
140,442747799374140563,fit,succeeded,397.5867564678192,0.0,
141,16125526663912119752,fit,succeeded,392.0049183368683,0.0,
142,9164472973801369137,fit,succeeded,386.37600684165955,0.0,
143,6185564224272183622,fit,succeeded,382.6144754886627,0.0,
144,11389284760445367774,fit,succeeded,385.1237826347351,0.0,
145,12324506851223858254,fit,succeeded,389.6647455692291,0.0,
146,1630989629596977032,fit,succeeded,378.72402024269104,0.0,
147,2341189279600920625,fit,succeeded,389.74233055114746,0.0,
148,7893931371176123081,fit,succeeded,380.32449674606323,0.0,
149,8557438638039256582,fit,succeeded,379.3336110115051,0.0,
150,15231383364011387431,fit,succeeded,379.5103693008423,0.0,
151,11922845131586513451,fit,succeeded,376.2092750072479,0.0,
152,14642242277103891740,fit,succeeded,382.0491986274719,0.0,
153,18087500399423860128,fit,succeeded,403.3793478012085,0.0,
154,8510536669598339377,fit,succeeded,397.6885769367218,0.0,
155,9790775619561844462,fit,succeeded,398.5853807926178,0.0,
156,17979535289202048880,fit,succeeded,395.00257301330566,0.0,
157,16408344425298703827,fit,succeeded,402.0292046070099,0.0,
158,17811951553739962192,fit,succeeded,407.45510601997375,0.0,
159,2713786725421602922,fit,succeeded,403.91612100601196,0.0,
160,6247273904146881171,fit,succeeded,411.32510566711426,0.0,
161,8082594390078121717,fit,succeeded,390.78153681755066,0.0,
162,12344360235131062475,fit,succeeded,388.1389524936676,0.0,
163,13143643167454010579,fit,succeeded,390.2109053134918,0.0,
164,15361454625315821194,fit,succeeded,395.4704575538635,0.0,
165,7097698324542923661,fit,succeeded,382.1366174221039,0.0,
166,15246781066633978620,fit,succeeded,387.7865114212036,0.0,
167,15296869966687657087,fit,succeeded,383.9576823711395,0.0,
168,6804838712305812784,fit,succeeded,385.01406741142273,0.0,
169,17663355059309994298,fit,succeeded,379.76592445373535,0.0,
170,9927374105936141882,fit,succeeded,380.0763101577759,0.0,
171,11392500228525167309,fit,succeeded,382.52601194381714,0.0,
172,17264095740024999344,fit,succeeded,380.4691698551178,0.0,
173,1487883791071992257,fit,succeeded,394.223605632782,0.0,
174,7163058880153603132,fit,succeeded,395.81908655166626,0.0,
175,9495816860147796563,fit,succeeded,390.2612409591675,0.0,
176,6534950304910276493,fit,succeeded,394.04370188713074,0.0,
177,11066055892695458336,fit,succeeded,394.92114543914795,0.0,
178,5792939501700843227,fit,succeeded,391.2692835330963,0.0,
179,17894195744953044722,fit,succeeded,395.20921897888184,0.0,
180,5706384876701875224,fit,succeeded,394.95066237449646,0.0,
181,1156983363416225014,fit,succeeded,399.8629493713379,0.0,
182,15107855359994880262,fit,succeeded,403.0264685153961,0.0,
183,965302367787885153,fit,succeeded,399.3554799556732,0.0,
184,3669114685383662839,fit,succeeded,396.8533253669739,0.0,
185,575973910006944551,fit,succeeded,385.8922920227051,0.0,
186,4686678286041042705,fit,succeeded,386.64458990097046,0.0,
187,5109103123803636404,fit,succeeded,384.6196632385254,0.0,
188,17656972971811011781,fit,succeeded,384.45491909980774,0.0,
189,6359492336577465570,fit,succeeded,391.1157810688019,0.0,
190,4382635162498154871,fit,succeeded,389.68587040901184,0.0,
191,2361203840787845746,fit,succeeded,388.88294100761414,0.0,
192,8986136941104029537,fit,succeeded,389.8201689720154,0.0,
193,8510614849699529638,fit,succeeded,393.3766083717346,0.0,
194,14723172007813426341,fit,succeeded,388.8363664150238,0.0,
195,9743450452694463622,fit,succeeded,388.44277691841125,0.0,
196,16183534647830570215,fit,succeeded,386.45535159111023,0.0,
197,201932140770326197,fit,succeeded,392.15892696380615,0.0,
198,12803418106122084957,fit,succeeded,394.1976709365845,0.0,
199,2848468842772911557,fit,succeeded,394.67028307914734,0.0,
200,11256996840089863338,fit,succeeded,391.39933490753174,0.0,
